timesteps,episode,return,length,completed,distance_m,overtakes,danger_seconds
412,1,-6.965376,103,False,333.3849785807847,,0.0
492,2,-5.736962,123,False,476.9215265943442,,3.800000000000001
784,3,1.52021,196,False,906.4084047344879,,4.600000000000001
792,4,-6.987916,75,False,327.6833634655429,,2.6
900,5,-1.218513,122,False,528.0594696825242,,1.5999999999999999
900,6,22.724884,225,True,1064.9953471838544,,0.0
988,7,-9.26966,49,False,158.0135937630787,,0.0
1016,8,-9.737019,29,False,156.1192423836112,,2.1999999999999997
1272,9,-7.379411,71,False,304.8235708569539,,1.7999999999999998
1412,10,-2.159056,128,False,616.8377512896193,,4.600000000000001
1560,11,-1.751237,136,False,617.9505031114336,,0.4
1684,12,17.557159,225,True,882.2863724795061,,1.9999999999999998
1936,13,-8.669297,63,False,194.8281098014379,,0.0
1952,14,-2.034735,98,False,534.6106025845675,,1.5999999999999999
2028,15,3.435465,154,False,770.2185934991328,,1.4
2148,16,-7.005586,49,False,234.97656322960756,,0.2
2172,17,21.587534,225,True,931.5013737865522,,0.0
2336,18,-8.384693,41,False,219.01227736223473,,0.6000000000000001
2648,19,0.245617,125,False,610.6246949287643,,1.5999999999999999
2740,20,-3.648938,101,False,503.6424648465231,,1.2
2836,21,15.611962,225,True,769.2784988509188,,0.0
2864,22,3.123515,209,False,798.5406016435568,,0.0
2924,23,-10.531249,15,False,85.95004854212448,,0.4
3192,24,-3.608436,113,False,492.46255482037805,,1.7999999999999998
3296,25,-4.616195,93,False,396.15220788837473,,1.9999999999999998
3548,26,21.686826,225,True,977.8730237449247,,0.0
3736,27,21.993464,225,True,1018.9385717568684,,0.0
3876,28,-1.744375,145,False,547.0250090777847,,0.0
4020,29,-3.852336,118,False,549.1065646793611,,0.8
4048,30,4.623094,214,False,888.1237419255849,,1.2
4136,31,-5.871284,65,False,361.1486591189291,,4.000000000000001
4276,32,-7.221332,64,False,335.9467019086437,,1.7999999999999998
4472,33,-3.740057,84,False,415.99773645098026,,0.0
4624,34,0.985053,144,False,673.8021388210921,,1.0
4636,35,17.933888,225,True,854.1555320465975,,0.0
5176,36,17.466966,225,True,861.0786493477387,,1.9999999999999998
5240,37,-1.55935,151,False,575.2260167787213,,0.0
5280,38,-0.546637,164,False,679.7345224183541,,1.9999999999999998
5372,39,19.389868,225,True,889.9947121980601,,0.0
5596,40,-4.556371,105,False,388.1451557658802,,0.0
5664,41,-11.135886,17,False,52.964569804344364,,0.0
6140,42,20.841505,225,True,906.4602181591863,,0.0
6180,43,5.474629,225,False,953.3851656250661,,1.7999999999999998
6272,44,20.70869,225,True,921.1475815037022,,0.0
6320,45,-8.63753,45,False,160.8988038053526,,0.0
6468,46,-6.577678,49,False,254.49289810342134,,0.2
6552,47,6.546678,222,False,1005.0671305195076,,2.1999999999999997
6988,48,0.399531,202,False,762.381240671526,,1.9999999999999998
7152,49,1.504237,171,False,759.3694722049386,,2.1999999999999997
7220,50,16.048711,225,True,796.3484523261259,,1.2
7404,51,5.662852,213,False,917.7140840558045,,1.2
7500,52,0.85105,128,False,646.0420159513271,,0.8
8052,53,24.710226,225,True,1094.8090536505943,,1.0
8120,54,21.583235,225,True,997.7294040818522,,0.0
8244,55,5.325934,186,False,897.8373507392362,,1.5999999999999999
8304,56,21.406038,225,True,914.6415231584431,,0.0
8468,57,-2.791755,104,False,430.7297897269075,,0.0
8632,58,1.863765,128,False,644.1505929048042,,0.4
8744,59,-5.625782,69,False,364.5687355115888,,1.7999999999999998
8904,60,3.492912,150,False,733.3164672408636,,1.5999999999999999
9144,61,21.360629,225,True,884.8251580032509,,0.0
9232,62,-3.454664,122,False,513.0134546916606,,1.5999999999999999
9332,63,-6.638184,47,False,268.07263023753785,,1.5999999999999999
9344,64,-0.749594,110,False,534.8162202330411,,0.0
9420,65,4.898382,197,False,860.7352967600089,,0.0
9456,66,-5.136955,56,False,305.721788331349,,0.2
9576,67,-5.431745,58,False,312.33021871896744,,1.4
9592,68,-7.245623,43,False,241.37509778827143,,0.2
9676,69,-10.069969,21,False,112.40125791321339,,1.4
9852,70,-0.28219,130,False,615.1123880262994,,2.6
9988,71,-8.888107,34,False,169.27572842927475,,0.6000000000000001
10036,72,0.850538,145,False,718.0215335458174,,3.400000000000001
10080,73,-1.027308,126,False,572.5076748823781,,2.1999999999999997
10232,74,-6.559501,49,False,252.81996963328584,,0.6000000000000001
10296,75,-6.111995,54,False,290.720211255192,,1.2
10528,76,0.014338,135,False,594.973533537504,,0.4
10576,77,27.625529,225,True,1177.0211781399498,,1.2
10592,78,-3.466476,90,False,494.14097780205225,,2.8000000000000003
10728,79,-6.585548,50,False,282.9780955435724,,1.0
10840,80,-5.537017,66,False,356.1193150090305,,1.5999999999999999
10876,81,5.293463,145,False,762.1385011570735,,0.0
10876,82,-8.781574,37,False,177.5370544701916,,1.2
11072,83,-2.503886,120,False,599.8445716598612,,2.1999999999999997
11128,84,-8.616811,63,False,269.72757832887896,,2.6
11272,85,-8.051249,36,False,198.7500483400297,,0.6000000000000001
11308,86,-0.548515,117,False,566.8593943546034,,1.0
11364,87,-5.354381,73,False,386.6247552253981,,2.4
11572,88,-5.688566,75,False,366.05735167507123,,0.4
11656,89,-4.62254,73,False,360.69840920477577,,0.2
11768,90,-8.170881,49,False,192.36476836597672,,0.0
11776,91,26.522037,225,True,1088.8814854063594,,0.0
11920,92,-8.282253,38,False,215.1098685122306,,0.8
12208,93,23.656423,225,True,1065.4569044824107,,4.000000000000001
12300,94,-3.937958,95,False,444.08168359081697,,1.0
12452,95,-8.097589,38,False,204.8964396043507,,1.2
12556,96,20.778753,225,True,936.7501057080067,,1.5999999999999999
12676,97,25.022791,225,True,1106.5116301606558,,0.0
12696,98,2.172271,122,False,630.8908399341781,,0.4
12800,99,-2.602129,87,False,461.51483493962405,,1.5999999999999999
12824,100,-8.090593,37,False,192.37628831938196,,0.2
13180,101,-1.200304,121,False,573.5878385210301,,1.5999999999999999
13328,102,-2.412776,126,False,519.4889440075153,,1.0
13376,103,1.29364,144,False,707.7456009761306,,3.800000000000001
13456,104,22.298267,225,True,1036.7306665684073,,3.800000000000001
13548,105,-10.614179,23,False,121.03285163094256,,2.1999999999999997
13704,106,-3.713804,82,False,415.4478250633613,,1.4
13720,107,-8.16475,43,False,231.00999461151946,,2.4
13856,108,-8.117535,34,False,173.69861428839408,,0.4
13856,109,-8.327768,38,False,205.289287690616,,1.5999999999999999
13904,110,5.470756,181,False,850.0302458545129,,1.0
14052,111,-8.234594,37,False,197.8162262007852,,1.4
14092,112,-4.882757,59,False,325.4897087450631,,0.2
14124,113,7.700517,199,False,982.4206954117831,,2.6
14160,114,-4.852096,76,False,399.5161782503508,,1.9999999999999998
14468,115,-4.123564,77,False,429.457424758712,,2.1999999999999997
14500,116,-0.606036,94,False,504.55856829116397,,1.4
14504,117,-3.165662,103,False,493.37351105391804,,2.4
14536,118,2.004456,121,False,631.3782237782516,,1.4
14624,119,-8.523377,39,False,203.86493220309694,,1.5999999999999999
14660,120,-7.560881,40,False,206.36474975711667,,0.4
14892,121,-6.607666,58,False,307.69334739142914,,2.1999999999999997
15076,122,-6.46253,46,False,264.6987983018478,,1.5999999999999999
15100,123,0.654848,119,False,630.193936478126,,1.7999999999999998
15248,124,8.873548,186,False,964.5419366397132,,0.6000000000000001
15284,125,5.915283,187,False,871.0113388269526,,0.6000000000000001
15412,126,-3.127025,78,False,424.51901158946293,,1.2
15436,127,-8.304354,38,False,190.2258467067786,,0.0
15452,128,-0.055072,94,False,521.7971114153238,,0.6000000000000001
15532,129,-9.26308,30,False,161.47679799754837,,0.2
15556,130,-4.143291,77,False,406.2683618939843,,1.4
15588,131,-9.148847,34,False,182.04613696178444,,1.5999999999999999
15648,132,-6.571594,53,False,291.53625385876376,,1.7999999999999998
15788,133,-6.493388,64,False,340.26447481272976,,3.2000000000000006
15824,134,-5.259958,59,False,336.0016685065109,,1.7999999999999998
16032,135,-7.155536,52,False,284.1785477063081,,0.6000000000000001
16040,136,-2.375448,98,False,520.9820789296004,,2.1999999999999997
16064,137,1.358394,127,False,648.7357434850389,,0.8
16228,138,-6.794827,49,False,265.00691255711695,,0.8
16348,139,-4.629974,71,False,370.80102103383615,,1.7999999999999998
16428,140,-6.574131,50,False,283.4347755013157,,1.4
16456,141,-2.898844,104,False,502.4462465552565,,1.5999999999999999
16688,142,29.174464,225,True,1207.7785603939092,,4.200000000000001
16724,143,-2.958788,94,False,482.4484850501151,,2.8000000000000003
16804,144,-1.764871,94,False,499.00516453469663,,1.5999999999999999
16872,145,-0.967753,104,False,514.0898690062309,,0.0
16920,146,-7.594378,49,False,261.82487742671265,,1.7999999999999998
16944,147,-8.631478,35,False,194.7408921761098,,1.2
17084,148,-8.446015,35,False,189.35940926552985,,0.4
17124,149,-6.80513,51,False,290.99480990569896,,0.8
17156,150,0.095934,117,False,586.2373514635556,,1.4
17280,151,-1.76478,102,False,535.8087906162341,,2.1999999999999997
17280,152,-6.51483,49,False,269.0068174152982,,0.6000000000000001
17288,153,-9.507903,41,False,190.08387518800942,,1.9999999999999998
17288,154,-7.685929,33,False,185.36283435848463,,0.0
17520,155,-6.136048,60,False,320.1580759250137,,1.7999999999999998
17548,156,-4.448053,65,False,354.87788873006843,,0.0
17692,157,-9.934211,36,False,192.23154557432872,,3.600000000000001
17752,158,-1.263032,116,False,550.278727670456,,3.2000000000000006
17800,159,0.502093,130,False,643.283705268824,,3.600000000000001
17864,160,-2.188846,86,False,468.44616064655884,,1.9999999999999998
17880,161,-8.293226,32,False,171.47096723860068,,0.6000000000000001
18068,162,-4.228096,67,False,373.27614130803477,,1.0
18196,163,-3.049688,79,False,434.81248671566937,,1.5999999999999999
18212,164,3.186012,130,False,710.6404690458567,,1.5999999999999999
18336,165,0.356663,118,False,627.8665268189552,,1.9999999999999998
18428,166,-2.194891,90,False,487.4043772715654,,3.400000000000001
18512,167,-3.651398,79,False,414.7440763373081,,1.0
18512,168,-7.728585,44,False,235.6565978862218,,1.0
18692,169,-7.466192,45,False,250.1523305014855,,1.5999999999999999
18692,170,-5.106491,66,False,354.1403690931502,,0.8
18772,171,-5.210959,65,False,341.96162628629327,,0.4
18832,172,-7.663835,35,False,196.64660737167674,,0.4
18912,173,-5.341617,55,False,315.1353002993128,,2.1999999999999997
19112,174,27.04596,225,True,1153.038417840516,,1.5999999999999999
19248,175,-8.992544,34,False,187.49824014170008,,1.9999999999999998
19268,176,2.053825,124,False,627.7530083468309,,0.6000000000000001
19304,177,0.139136,118,False,585.5654201703057,,1.2
19388,178,-8.731628,30,False,167.5348675994801,,1.2
19428,179,-6.417777,45,False,259.2889127499209,,0.2
19440,180,3.990556,132,False,717.2222254809235,,0.8
19448,181,-11.571569,15,False,81.93722168633349,,2.1999999999999997
19636,182,-7.651341,47,False,253.94637821333004,,1.9999999999999998
19736,183,-8.92749,25,False,139.70041884657667,,0.4
19748,184,-3.814286,77,False,411.4285667150457,,2.4
19844,185,-10.900674,24,False,133.57305511809886,,1.7999999999999998
20036,186,5.334913,152,False,807.7965285238599,,2.4
20204,187,27.255115,225,True,1102.2046144216802,,0.2
20308,188,-3.848482,68,False,370.0607270814737,,0.0
20564,189,-1.576273,90,False,492.949084595861,,0.6000000000000001
20636,190,33.219323,225,True,1233.572928657854,,1.7999999999999998
20744,191,28.719558,225,True,1136.782306706295,,1.2
20780,192,-8.474129,36,False,189.8348212428043,,1.0
20932,193,-2.816352,92,False,476.1459044243352,,2.1999999999999997
20960,194,-6.181347,54,False,299.1461206721583,,1.2
21040,195,-3.119831,65,False,373.60674812481557,,2.1999999999999997
21104,196,8.547205,199,False,1094.6881975663541,,8.200000000000003
21132,197,-7.539884,50,False,283.2046340634197,,2.4
21232,198,-9.09964,25,False,137.6144032991508,,0.8
21328,199,-3.859161,72,False,396.833572795176,,1.9999999999999998
21344,200,-6.050701,60,False,333.1719484731466,,2.1999999999999997
21504,201,3.930915,136,False,744.4365890525485,,1.0
21508,202,-5.505725,69,False,384.57100521081,,2.6
21556,203,-6.317544,57,False,298.4982332572413,,3.0000000000000004
21640,204,-3.599775,74,False,410.4089979123869,,2.6
21668,205,-8.278291,40,False,223.26836486626576,,1.9999999999999998
21728,206,-6.851585,43,False,235.53658541895197,,0.6000000000000001
21848,207,-9.56257,30,False,160.69719609911544,,1.5999999999999999
21864,208,-2.602788,90,False,479.08848059418415,,1.5999999999999999
21876,209,-6.459161,59,False,332.83357439574866,,2.1999999999999997
21896,210,-4.921379,57,False,323.9448435166696,,0.4
22112,211,-3.691049,66,False,371.55803277558607,,0.2
22188,212,-1.244644,81,False,451.81425435081246,,0.0
22300,213,0.359237,106,False,571.9694750445049,,1.7999999999999998
22424,214,1.881945,132,False,716.0778076145755,,1.7999999999999998
22440,215,-5.706614,63,False,352.53543336102484,,1.9999999999999998
22584,216,-5.582292,71,False,343.9083267513224,,1.7999999999999998
22612,217,1.010411,125,False,691.6164581254827,,5.8000000000000025
22768,218,-7.951362,39,False,209.14553569106442,,0.2
22776,219,-8.121598,48,False,240.73609038700624,,1.7999999999999998
22780,220,-2.774005,89,False,469.0397994033556,,1.7999999999999998
22804,221,-1.475717,91,False,486.5713217706341,,0.8
23012,222,-5.939691,58,False,305.6123493294692,,1.9999999999999998
23028,223,-5.51559,65,False,364.17639814590257,,3.2000000000000006
23036,224,-5.996875,58,False,331.3250060420082,,2.1999999999999997
23216,225,1.106379,110,False,605.0551754524795,,1.5999999999999999
23320,226,-3.228582,71,False,378.85673990102714,,0.0
23352,227,-2.905883,85,False,459.7646976821493,,2.4
23432,228,1.00203,101,False,577.6812098240862,,1.4
23452,229,-5.049546,59,False,326.8181790568897,,0.6000000000000001
23628,230,-7.10848,49,False,280.4608011018447,,1.7999999999999998
23640,231,-3.090219,80,False,441.9912307812624,,3.0000000000000004
23648,232,-5.131164,74,False,375.5534223184852,,1.7999999999999998
23672,233,-6.824647,55,False,292.61413590707343,,2.8000000000000003
23780,234,-9.349377,35,False,194.02490241173632,,2.4
23808,235,-7.344178,45,False,247.03287531008937,,0.8
24008,236,-6.108147,57,False,300.4741312796409,,0.6000000000000001
24160,237,-6.795251,38,False,214.58997874969396,,0.2
24192,238,2.993169,136,False,734.9267671698135,,5.000000000000002
24288,239,4.48234,154,False,832.8936040337367,,3.800000000000001
24320,240,4.053135,128,False,702.1253930745397,,0.4
24540,241,-6.425972,55,False,289.3611028442165,,2.4
24580,242,0.508711,105,False,569.9484237522881,,1.2
24588,243,-1.156244,99,False,532.9502547369955,,1.2
24632,244,-2.05891,86,False,468.84358829526946,,1.7999999999999998
24728,245,-9.403087,35,False,175.07652227095878,,2.4
24744,246,-7.382828,51,False,267.0868899077168,,1.4
24760,247,-8.252414,45,False,248.30343980270345,,2.8000000000000003
24936,248,-5.596135,52,False,300.1546020976775,,0.8
25088,249,1.678513,114,False,637.5405012198091,,1.9999999999999998
25112,250,0.233836,92,False,501.35345959510164,,0.2
25172,251,-3.885503,59,False,341.37986152897315,,1.0
25284,252,5.509258,131,False,740.3703377956144,,1.7999999999999998
25328,253,-7.644657,39,False,223.0137069076609,,1.5999999999999999
25452,254,-1.602724,85,False,475.0910277893106,,0.4
25488,255,-7.465778,51,False,270.9688664627988,,1.9999999999999998
25544,256,2.289481,114,False,620.3792320897023,,3.0000000000000004
25672,257,-6.188684,55,False,302.05264567226936,,2.1999999999999997
25676,258,-0.898539,87,False,472.05845388863304,,1.5999999999999999
25772,259,-4.18991,71,False,398.00358597964555,,2.4
25780,260,-9.838534,26,False,146.45862061876005,,2.1999999999999997
25880,261,-7.154863,52,False,284.20546812734733,,3.2000000000000006
25936,262,-6.447492,41,False,235.70031764196256,,0.0
25940,263,-10.792885,15,False,83.48461185410542,,1.2
25968,264,-6.442766,47,False,258.289368825735,,0.0
26020,265,3.165438,119,False,668.2175073638739,,3.0000000000000004
26072,266,-7.963298,34,False,195.0680919996464,,0.8
26096,267,-7.710652,32,False,178.7739350827842,,0.2
26348,268,-4.448278,63,False,347.6688903535062,,0.6000000000000001
26364,269,-1.827438,86,False,486.1024736256534,,2.6
26448,270,0.48608,94,False,533.8432088151806,,1.4
26504,271,-9.001885,35,False,183.9245877022031,,1.0
26640,272,-3.408705,73,False,418.8517975810312,,2.1999999999999997
26776,273,-7.466438,34,False,199.74248520197966,,0.2
26788,274,-1.974455,85,False,444.2217845956832,,0.0
26840,275,33.083921,225,True,1258.5568430194803,,1.5999999999999999
26920,276,-10.776622,20,False,111.33512311914615,,1.7999999999999998
26948,277,1.396942,111,False,610.2776753205605,,1.2
27116,278,-4.104452,82,False,444.62193325299927,,4.800000000000002
27208,279,-4.908926,65,False,351.64297708294816,,2.1999999999999997
27236,280,0.531676,115,False,633.2670359092554,,3.800000000000001
27260,281,-3.741953,85,False,442.3218970458711,,3.400000000000001
27436,282,-2.772976,80,False,425.0809513597519,,1.5999999999999999
27452,283,-5.599959,54,False,304.8016394526421,,1.4
27476,284,-6.824767,54,False,294.2093108703391,,2.1999999999999997
27552,285,-9.218487,29,False,164.86051500072836,,2.1999999999999997
27680,286,2.621718,118,False,679.2687027481818,,2.8000000000000003
27740,287,-5.581106,66,False,334.35576192408007,,2.4
27880,288,-5.879053,50,False,280.03788257884366,,0.6000000000000001
27920,289,-1.905177,92,False,502.1929384685675,,4.000000000000001
27972,290,-4.787008,58,False,323.719669612236,,0.6000000000000001
28000,291,4.04438,137,False,764.1752021658065,,3.600000000000001
28092,292,-10.006968,23,False,133.32128847174363,,2.1999999999999997
28136,293,-3.9187,64,False,358.45198834479925,,1.7999999999999998
28168,294,-4.593421,62,False,349.86314345715004,,1.2
28196,295,-10.333117,26,False,139.47533778864408,,3.0000000000000004
28316,296,-7.139325,45,False,240.8270018188996,,1.5999999999999999
28348,297,-6.920025,45,False,243.99900510983957,,1.5999999999999999
28496,298,-2.699701,75,False,425.61196868446973,,1.5999999999999999
28744,299,-0.957893,107,False,561.6842726668683,,3.800000000000001
28756,300,-2.575783,65,False,376.168687878725,,0.4
28872,301,33.54019,225,True,1291.207607334818,,0.6000000000000001
28884,302,-9.099154,32,False,172.83384703585398,,1.7999999999999998
29172,303,-3.71595,72,False,404.16198024463574,,1.5999999999999999
29248,304,31.767411,225,True,1209.0964368808295,,0.0
29432,305,5.21609,140,False,774.2436057868535,,0.4
29480,306,-5.661917,58,False,323.1233243696124,,0.2
29524,307,-1.739018,88,False,484.03928325175957,,1.4
29564,308,-7.692077,33,False,185.11693338499572,,0.2
29644,309,32.050471,225,True,1268.4188419489847,,2.6
29688,310,-9.535551,31,False,168.177953924323,,2.4
29752,311,-8.467433,27,False,154.10269334191753,,0.2
29768,312,-3.294198,72,False,401.0320778592318,,1.0
29808,313,-1.933901,71,False,414.64395907571225,,0.0
29812,314,-7.806887,31,False,180.52450842747203,,0.0
29964,315,-5.833247,53,False,308.27011382709566,,2.1999999999999997
29984,316,-7.503408,54,False,275.06366237063867,,3.2000000000000006
30016,317,-6.478278,51,False,286.46889433292836,,2.4
30036,318,-5.021858,57,False,323.12569793604825,,1.4
30188,319,-7.71848,43,False,249.66080659668478,,2.6
30248,320,-2.874537,71,False,412.2185045534004,,0.8
30308,321,-3.957047,68,False,368.9181004201753,,0.4
30320,322,-10.746234,18,False,100.55063164656735,,1.7999999999999998
30428,323,-9.582878,27,False,147.08488700667817,,1.7999999999999998
30476,324,-8.094288,42,False,237.82849037773326,,2.6
30508,325,-3.498071,80,False,424.07716950407143,,1.5999999999999999
30544,326,-9.589039,29,False,161.23843940539882,,1.4
30592,327,-9.074276,29,False,161.028954425474,,0.8
30776,328,-4.461609,58,False,327.1356445798342,,0.6000000000000001
30816,329,-3.632846,77,False,397.88615174186793,,2.1999999999999997
30884,330,31.154563,225,True,1232.5825341329205,,0.0
30904,331,-1.590069,78,False,458.79724486253053,,1.7999999999999998
31000,332,-8.732886,24,False,137.88457940740295,,0.0
31092,333,-2.384114,79,False,446.23542765264006,,1.2
31112,334,-1.676089,74,False,421.75642367324986,,2.1999999999999997
31176,335,-3.177316,73,False,407.3073625404361,,0.4
31196,336,-10.139239,26,False,138.4304381799634,,2.4
31244,337,-8.263423,33,False,188.6630606686706,,0.6000000000000001
31296,338,-2.857488,74,False,414.5004855000186,,2.4
31380,339,-6.526749,46,False,253.33004355150433,,3.0000000000000004
31420,340,-7.319585,44,False,242.416590645003,,2.6
31460,341,-6.699796,41,False,235.2081439588926,,0.4
31540,342,-6.909652,40,False,228.413935509074,,0.2
31676,343,-5.089155,54,False,312.4338123382331,,0.4
31744,344,8.38097,142,False,812.838785860843,,0.2
31768,345,-1.406185,87,False,477.352594434426,,1.4
31880,346,-9.562614,28,False,162.2954275036568,,2.8000000000000003
32032,347,-3.305762,72,False,414.1695117280242,,1.5999999999999999
32080,348,3.196294,135,False,730.2517713199991,,2.1999999999999997
32100,349,-6.344296,55,False,307.0281524119855,,3.0000000000000004
32104,350,2.351269,107,False,619.6507612515061,,1.5999999999999999
32284,351,-2.850314,63,False,358.78742511882797,,0.4
32288,352,-6.82969,46,False,244.41241788563843,,1.2
32476,353,-6.719045,48,False,273.63820083188875,,1.9999999999999998
32520,354,1.704606,110,False,616.1842322018556,,3.2000000000000006
32616,355,-2.227276,82,False,478.10896748742493,,2.1999999999999997
32664,356,-6.61949,36,False,206.42038957799696,,0.2
32776,357,-7.013052,40,False,228.2779086486621,,0.4
32812,358,-8.267702,37,False,207.6919114906466,,1.5999999999999999
32816,359,10.181977,179,False,1040.079096723804,,5.8000000000000025
32924,360,-8.498246,28,False,148.07014605806899,,0.0
32984,361,-7.348616,42,False,227.6553729673044,,1.2
33028,362,6.910147,138,False,794.8058858309867,,4.400000000000001
33124,363,-9.059015,35,False,196.03938174069935,,1.9999999999999998
33140,364,-4.377973,54,False,308.88108022410233,,0.2
33224,365,-8.675903,25,False,139.3638825825385,,0.2
33392,366,8.979365,154,False,853.5745808139211,,1.4
33436,367,-1.817919,74,False,424.8832323819065,,0.4
33600,368,-6.787963,52,False,278.08149293532233,,1.7999999999999998
33720,369,2.110399,124,False,695.6159555143395,,2.6
33828,370,-0.821066,98,False,538.3573401758706,,3.2000000000000006
33888,371,-8.88031,42,False,209.58760024406388,,1.7999999999999998
33904,372,-10.802893,19,False,103.8842635486019,,1.9999999999999998
33928,373,34.096305,225,True,1311.8521937148544,,0.0
33996,374,-8.944295,23,False,129.42820437574846,,0.2
34088,375,-6.20816,50,False,278.8736078557465,,0.4
34144,376,-8.181508,37,False,196.73969622427921,,0.8
34172,377,-4.25531,61,False,340.9875937645386,,0.6000000000000001
34264,378,-10.393211,23,False,131.47157572712104,,1.9999999999999998
34324,379,-4.006737,59,False,323.7305397950099,,0.2
34348,380,-5.792493,51,False,273.900268808874,,0.0
34436,381,14.922664,209,False,1144.906547237732,,2.4
34560,382,-3.82406,74,False,417.4376125575218,,3.800000000000001
34572,383,-5.296599,56,False,313.73604244548187,,2.4
34660,384,-9.755203,22,False,121.79186967932355,,0.6000000000000001
34684,385,-8.493535,31,False,173.85860655131,,2.1999999999999997
34748,386,-2.200319,78,False,442.38722932263636,,2.4
34800,387,-9.61357,29,False,161.0571994206034,,2.1999999999999997
34956,388,10.228992,158,False,908.3596628217877,,0.2
34960,389,-7.996181,40,False,229.75275025805286,,1.4
35028,390,-4.424272,70,False,378.2291294141187,,1.7999999999999998
35132,391,-7.684791,43,False,236.6083758613754,,1.5999999999999999
35176,392,-6.084519,55,False,307.81924237956514,,1.2
35208,393,-6.046513,45,False,258.9394820309683,,0.8
35308,394,-7.66137,44,False,230.34521735108092,,1.7999999999999998
35460,395,-8.601534,38,False,198.33864561039582,,1.7999999999999998
35472,396,-4.203786,66,False,365.44856961039386,,1.7999999999999998
35560,397,28.772369,225,True,1182.0947643516147,,1.7999999999999998
35572,398,1.065457,99,False,557.8182651840261,,0.4
35604,399,-9.63427,33,False,173.82919191206338,,3.0000000000000004
35696,400,-9.216693,34,False,188.93226770217052,,2.4
35720,401,-4.58824,65,False,378.87041353919085,,3.2000000000000006
35780,402,-7.363753,52,False,283.04989847571983,,1.7999999999999998
35832,403,-9.086666,28,False,160.5333412787818,,1.7999999999999998
35844,404,-5.472996,60,False,337.080163259948,,3.400000000000001
35876,405,-6.065279,45,False,246.18884187582853,,0.0
36092,406,-6.332705,54,False,294.69178119599223,,2.1999999999999997
36148,407,-3.020904,76,False,416.76383369203427,,0.4
36188,408,-9.81465,24,False,136.21400881692375,,1.9999999999999998
36216,409,0.18887,96,False,539.5548172578485,,2.6
36304,410,-8.703416,29,False,164.66334138868388,,1.9999999999999998
36308,411,-6.340259,40,False,232.7896363700661,,0.2
36468,412,4.027605,172,False,875.5041826276042,,9.0
36500,413,-3.244384,71,False,403.824626228894,,2.1999999999999997
36576,414,-8.977713,27,False,156.8914862318329,,1.0
36764,415,-4.812211,66,False,349.1115711020791,,2.6
36788,416,-6.588402,53,False,249.26392208383777,,1.2
36888,417,-8.408977,31,False,174.84092218240585,,1.2
37080,418,-7.080293,48,False,271.98826109231004,,1.4
37204,419,33.317689,225,True,1275.1075543371721,,0.6000000000000001
37208,420,31.523681,225,True,1293.7472317096194,,1.5999999999999999
37276,421,-6.65449,49,False,278.6203871258697,,1.9999999999999998
37324,422,-9.336697,29,False,164.93212136839202,,2.4
37392,423,-6.713189,47,False,263.47242799776586,,1.5999999999999999
37508,424,12.661645,180,False,1030.4657870135825,,1.5999999999999999
37512,425,-9.454685,30,False,153.81258100280502,,1.7999999999999998
37528,426,-4.74395,51,False,286.24198659554077,,0.0
37752,427,-5.311835,61,False,289.1265852820777,,0.0
37832,428,-9.453792,20,False,115.44832136334821,,0.0
37860,429,-2.093248,87,False,467.47008881348575,,3.0000000000000004
37920,430,0.244019,98,False,530.5607572643858,,2.4
37972,431,-8.263326,28,False,151.86697258669437,,0.0
38044,432,-6.722456,53,False,287.10175496917964,,2.8000000000000003
38160,433,19.095805,221,False,1250.2322179621433,,1.5999999999999999
38164,434,-6.561319,48,False,279.947252491487,,2.1999999999999997
38224,435,-6.094412,45,False,249.82350984533377,,0.2
38244,436,-10.754771,21,False,110.60917257154733,,1.9999999999999998
38328,437,0.337132,102,False,575.885286066368,,3.0000000000000004
38336,438,-9.118649,28,False,154.45402426655824,,0.2
38432,439,-9.938384,24,False,136.8646217013461,,2.1999999999999997
38488,440,-7.357974,40,False,220.08105268102577,,1.9999999999999998
38520,441,-2.888997,69,False,394.0401300168028,,2.1999999999999997
38552,442,-0.489904,97,False,558.003846119728,,2.4
38560,443,-8.103167,32,False,183.87331393616,,0.8
38720,444,-5.407121,58,False,322.9151526636763,,1.7999999999999998
38788,445,-5.147972,57,False,310.8811289644275,,0.6000000000000001
38872,446,-1.405027,80,False,448.59891223779823,,2.6
38968,447,3.460626,112,False,635.2250429994192,,1.9999999999999998
39048,448,-3.10765,65,False,374.0939817498054,,0.8
39052,449,-6.724644,45,False,242.21425965617345,,0.0
39148,450,-9.848809,24,False,134.8476450087769,,1.9999999999999998
39244,451,-1.907554,69,False,404.49783023859186,,1.2
39348,452,-6.882454,50,False,272.70183951213517,,1.7999999999999998
39460,453,-5.679759,54,False,301.6096301728883,,1.5999999999999999
39616,454,-4.370177,67,False,355.59292100813445,,1.5999999999999999
39620,455,33.565079,225,True,1260.2031772775858,,2.6
39676,456,6.743227,157,False,889.7290746813208,,0.6000000000000001
39684,457,-10.172485,16,False,90.70059706570919,,0.4
39736,458,-4.51145,69,False,399.5420060121007,,1.4
39828,459,-8.024599,38,False,220.61605254425012,,2.1999999999999997
39900,460,-4.135058,54,False,297.7976630398432,,0.0
39956,461,-9.161011,32,False,185.55956871685203,,2.1999999999999997
40040,462,2.896149,106,False,619.0459430926107,,2.6
40128,463,-0.540894,98,False,527.9642277149987,,1.2
40168,464,-9.269284,32,False,183.62863930118147,,2.6
40316,465,-6.873126,47,False,273.07497138668145,,2.1999999999999997
40376,466,1.21992,105,False,599.9967999964072,,1.0
40416,467,-9.810611,25,False,141.97554336176677,,1.9999999999999998
40468,468,-1.796983,75,False,424.92068255596496,,0.0
40480,469,-10.820231,16,False,87.99074383522725,,1.2
40652,470,-3.777005,69,False,392.1197814859472,,0.8
40660,471,-6.02383,45,False,251.04680241503547,,1.7999999999999998
40660,472,12.01362,190,False,1054.1448155653634,,3.800000000000001
40796,473,-9.292115,36,False,197.11538980604018,,3.400000000000001
40808,474,-8.292436,37,False,203.50255469669492,,1.7999999999999998
40892,475,0.796208,106,False,581.4483164092298,,2.1999999999999997
41068,476,-3.649956,68,False,364.40176949745023,,0.6000000000000001
41080,477,0.755779,105,False,576.6311757390795,,1.9999999999999998
41152,478,-4.295767,65,False,376.1693351447054,,2.1999999999999997
41208,479,-7.885629,35,False,193.3748486978168,,0.4
41236,480,3.011344,107,False,628.4537722118018,,1.0
41304,481,-5.1405,56,False,303.9799911102632,,0.4
41436,482,-2.280732,71,False,402.37071384918704,,0.6000000000000001
41512,483,-6.061065,52,False,284.757412969637,,0.6000000000000001
41704,484,2.886602,117,False,628.2640604357857,,1.2
41840,485,-8.820125,34,False,187.19501441023363,,1.4
41960,486,12.673964,188,False,1078.958569282221,,5.8000000000000025
42064,487,-8.435028,26,False,148.99889145257998,,0.2
42152,488,-1.632701,78,False,423.4919469436313,,1.9999999999999998
42336,489,35.983619,225,True,1294.544760486161,,0.6000000000000001
42388,490,-2.123544,81,False,470.258231241633,,3.600000000000001
42412,491,35.47097,225,True,1320.4387888704878,,1.7999999999999998
42512,492,-8.150053,31,False,178.79788466321997,,0.4
42640,493,-9.072758,32,False,177.08967081931632,,2.1999999999999997
42780,494,-8.463223,35,False,175.87108135694848,,1.7999999999999998
42804,495,4.230606,117,False,677.2242333726042,,1.7999999999999998
42964,496,-7.017348,46,False,243.30606524433483,,1.7999999999999998
43052,497,35.507969,225,True,1304.3187782358186,,1.5999999999999999
43140,498,-7.099287,44,False,248.02853032036091,,1.5999999999999999
43312,499,35.751089,225,True,1302.8435490357665,,2.4
43380,500,-1.242108,82,False,456.7156872551625,,0.0
43592,501,1.530895,113,False,606.0357868917326,,3.400000000000001
43656,502,-9.796287,16,False,89.74851388575735,,0.0
43680,503,-1.131325,92,False,496.3470189198142,,1.2
43704,504,34.584203,225,True,1288.168102040649,,0.8
43880,505,-7.171727,44,False,254.73090015348998,,2.1999999999999997
43892,506,7.149288,128,False,744.3715041867126,,0.0
44144,507,-4.757475,63,False,316.10100079614654,,0.0
44276,508,-8.877983,33,False,189.6806722169522,,2.1999999999999997
44356,509,13.388649,175,False,1007.5459485649812,,0.0
44388,510,-9.565683,28,False,155.7726878111755,,2.4
44580,511,34.402453,225,True,1260.898138681248,,0.6000000000000001
44656,512,11.048899,194,False,1076.3559412196855,,5.200000000000002
44676,513,-2.882244,72,False,396.7102594283267,,1.5999999999999999
44900,514,-1.290223,80,False,451.59108635014354,,2.4
45004,515,10.068175,162,False,933.926982898334,,1.7999999999999998
45080,516,3.131059,106,False,599.6423614301855,,0.2
45116,517,1.624277,110,False,615.3710990633424,,3.400000000000001
45284,518,-3.5939,70,False,377.84400027466154,,0.2
45356,519,-6.501934,60,False,329.52264112547005,,3.2000000000000006
45372,520,0.900766,118,False,651.2306482438466,,3.600000000000001
45392,521,-3.01776,78,False,413.6896135531431,,0.0
45772,522,4.742185,122,False,680.8873978611714,,1.0
46076,523,-2.675828,76,False,444.16688789175396,,2.1999999999999997
46256,524,33.509028,225,True,1248.3611357073846,,1.7999999999999998
46272,525,35.76298,225,True,1325.7191825927785,,1.5999999999999999
46292,526,36.577822,225,True,1323.1128996921047,,1.9999999999999998
46336,527,-10.77069,20,False,114.77241736854103,,2.1999999999999997
46344,528,-3.445941,67,False,389.36234965808944,,2.8000000000000003
46436,529,-8.850531,36,False,187.57876749032744,,1.7999999999999998
46752,530,3.647899,120,False,673.115950552346,,4.200000000000001
47184,531,1.062042,108,False,585.6816860365882,,1.7999999999999998
47236,532,34.176178,225,True,1255.0471339209466,,1.2
47244,533,36.481636,225,True,1312.8654507549622,,1.2
47292,534,-10.848433,12,False,67.6626932450672,,0.6000000000000001
47336,535,36.83861,225,True,1320.744385019439,,0.0
47444,536,-4.979959,65,False,356.8016257562633,,2.6
47460,537,-4.710124,56,False,309.99503197874105,,2.1999999999999997
47548,538,-5.594837,53,False,285.0065229050267,,0.0
47576,539,-3.724318,71,False,394.22727315827547,,1.4
47864,540,-1.989568,72,False,399.617276157677,,0.0
47876,541,-1.748931,82,False,463.64275415873954,,3.2000000000000006
47960,542,5.216049,125,False,691.041971947195,,2.6
48052,543,8.658638,152,False,880.7455300815736,,2.8000000000000003
48056,544,-5.482435,45,False,251.9026062510527,,0.2
48160,545,-6.282167,50,False,282.31333142171843,,2.6
48196,546,-1.256595,83,False,449.7361816225175,,2.6
48288,547,-4.880346,59,False,320.7861609260783,,1.7999999999999998
48304,548,-8.303832,36,False,191.8467050717527,,1.7999999999999998
48352,549,-3.166877,74,False,360.52490396701705,,2.4
48612,550,-3.143382,65,False,367.8647099593363,,1.7999999999999998
48624,551,2.272082,107,False,626.8832872644123,,1.7999999999999998
48624,552,-4.214684,80,False,389.0126336848043,,2.1999999999999997
48812,553,-7.554898,47,False,241.00409894639006,,2.8000000000000003
49188,554,36.339769,225,True,1270.3907475033052,,1.5999999999999999
49352,555,13.329203,182,False,1059.5681076168325,,0.4
49412,556,15.989325,200,False,1162.7729920006868,,1.0
49444,557,-4.633921,64,False,357.8431559316941,,3.400000000000001
49696,558,-5.291299,63,False,276.34804145781436,,0.0
49712,559,33.823169,225,True,1272.9267754862067,,3.2000000000000006
49980,560,10.112872,157,False,902.9148943895168,,3.0000000000000004
50004,561,-2.257555,77,False,398.49780299118197,,0.0
50148,562,12.675293,184,False,975.0117337190086,,0.0
50272,563,6.674135,140,False,726.1654045414684,,1.5999999999999999
50352,564,-1.806254,93,False,501.34982581363283,,3.0000000000000004
50500,565,3.137138,124,False,697.4855082087415,,5.000000000000002
50572,566,-6.784494,55,False,278.22022716548327,,3.2000000000000006
50604,567,2.09449,114,False,665.3796025921465,,4.600000000000001
50664,568,-7.9713,41,False,225.94799323721327,,2.4
50776,569,-7.084661,43,False,251.01356041595727,,2.1999999999999997
50836,570,-3.848257,66,False,387.6697096360508,,1.9999999999999998
50924,571,-3.945725,65,False,375.77099720234537,,2.6
51052,572,13.09346,195,False,1062.9384174554157,,4.000000000000001
51076,573,-4.769889,60,False,323.6044540198386,,1.9999999999999998
51408,574,-2.750388,83,False,439.58446426865794,,3.2000000000000006
51440,575,11.959518,166,False,910.3807104774635,,2.1999999999999997
51668,576,-4.853876,65,False,347.4449586558794,,2.1999999999999997
51800,577,0.515062,90,False,528.6024979281231,,2.4
51824,578,37.625813,225,True,1299.432536208998,,0.0
51844,579,-7.034589,44,False,259.4164487424596,,2.1999999999999997
51952,580,36.344843,225,True,1284.9937134922502,,0.6000000000000001
51964,581,-8.586105,30,False,175.7558038279899,,1.5999999999999999
52040,582,-5.339769,54,False,295.2092523358608,,0.6000000000000001
52228,583,-7.256966,47,False,255.32135931360062,,2.1999999999999997
52624,584,2.866822,99,False,582.6728751952915,,0.6000000000000001
52696,585,14.362738,186,False,1095.3095058434265,,3.400000000000001
52700,586,37.353593,225,True,1302.9437389019204,,1.0
52840,587,-8.550014,35,False,201.19942703154538,,2.6
52864,588,38.669124,225,True,1333.1649683597611,,0.0
52872,589,-3.751268,62,False,364.34929948512035,,1.7999999999999998
52940,590,-3.962566,61,False,357.4973512512636,,3.400000000000001
53004,591,-8.510997,33,False,193.1601114901914,,2.1999999999999997
53012,592,-6.607395,43,False,253.30419709105536,,2.1999999999999997
53096,593,-6.132534,39,False,225.09862813577183,,0.8
53120,594,-4.186575,64,False,338.9370128419214,,1.2
53260,595,-3.411423,62,False,337.94308293533527,,0.0
53296,596,-2.201652,73,False,389.5339179368948,,2.1999999999999997
53388,597,-2.580588,73,False,404.7764791013783,,2.8000000000000003
53392,598,-9.965731,24,False,134.97077305975836,,2.1999999999999997
53432,599,-7.324737,43,False,245.4105361857828,,2.4
53640,600,-3.865422,63,False,370.1831105667811,,2.1999999999999997
53896,601,-5.033527,64,False,321.05893253900103,,1.7999999999999998
54020,602,36.498134,225,True,1323.125340811554,,0.8
54292,603,35.154044,225,True,1298.1617543967145,,0.2
54316,604,-2.262833,74,False,435.886688912688,,1.4
54332,605,35.470663,225,True,1259.626531646175,,2.8000000000000003
54516,606,7.319955,155,False,899.1982000845185,,5.400000000000002
54548,607,-2.942386,58,False,343.90454692754406,,0.0
54560,608,-3.755376,57,False,322.58494630241603,,0.0
54912,609,0.320016,88,False,493.6006214124152,,0.8
55004,610,14.405707,178,False,1026.6282992709089,,3.0000000000000004
55144,611,-4.576433,58,False,328.9426981666518,,1.4
55176,612,9.424574,157,False,907.3829746201372,,3.0000000000000004
55416,613,-3.443203,68,False,391.0718867922692,,1.9999999999999998
55416,614,34.404043,225,True,1194.5617382493565,,0.8
55820,615,-0.099357,101,False,547.2257102407448,,2.8000000000000003
55904,616,36.904767,225,True,1233.7906946581816,,2.4
55944,617,13.318104,192,False,1034.3241682519154,,4.400000000000001
56036,618,8.370137,155,False,862.0054883097189,,3.800000000000001
56068,619,-7.798201,41,False,221.67197218030037,,2.1999999999999997
56140,620,-1.285618,80,False,466.17526890046224,,2.1999999999999997
56348,621,-3.224201,70,False,379.83194910608745,,1.7999999999999998
56372,622,-5.57829,58,False,316.868386346373,,2.1999999999999997
56524,623,4.134838,122,False,663.7935143656068,,1.7999999999999998
56552,624,-7.50605,45,False,242.95800071861845,,3.600000000000001
56560,625,-4.355602,53,False,304.97592431421526,,0.0
56844,626,36.002759,225,True,1240.910356805021,,0.0
56932,627,0.582635,93,False,524.9053801043633,,3.0000000000000004
57072,628,-8.26205,35,False,203.1180167004759,,2.1999999999999997
57248,629,3.297597,101,False,584.7038763895162,,0.4
57352,630,-9.979165,26,False,137.6334100843926,,1.5999999999999999
57360,631,-1.789709,72,False,415.61164325894174,,0.6000000000000001
57424,632,36.330261,225,True,1287.6104253133922,,0.6000000000000001
57428,633,-10.811828,17,False,86.72688508019951,,1.5999999999999999
57452,634,37.574994,225,True,1294.1997559224455,,1.0
57592,635,-7.107356,41,False,220.50576799135706,,0.6000000000000001
57632,636,-4.924782,70,False,367.80871362974244,,2.1999999999999997
57872,637,-2.703313,70,False,415.8674754572487,,2.1999999999999997
58112,638,-6.204157,60,False,310.2337355631271,,3.0000000000000004
58136,639,14.690434,171,False,1006.0173498630702,,0.2
58324,640,37.065391,225,True,1323.4156367893352,,0.6000000000000001
58492,641,20.486001,215,False,1250.6400251555146,,0.6000000000000001
58544,642,-6.863554,55,False,273.45783980987653,,3.400000000000001
58760,643,-6.076519,54,False,245.73924480122423,,0.0
58860,644,0.822444,92,False,499.2977561773964,,0.0
59012,645,38.481197,225,True,1311.2478725152405,,0.6000000000000001
59036,646,33.941387,225,True,1237.6554774616293,,0.6000000000000001
59268,647,-3.289278,64,False,350.0288935826029,,0.0
59472,648,11.301813,178,False,916.8725032357713,,2.1999999999999997
59512,649,1.254438,119,False,535.777522203146,,2.1999999999999997
59760,650,32.417283,225,True,1171.0913316284118,,1.5999999999999999
60168,651,31.853517,225,True,1132.540669823019,,0.4
60372,652,33.882628,225,True,1213.7051257111366,,0.6000000000000001
60412,653,35.552875,225,True,1274.1149935177373,,0.0
60456,654,-5.2173,72,False,330.50800443732396,,2.4
60620,655,-4.150086,52,False,300.39655478809027,,0.0
60660,656,36.637888,225,True,1219.1155029012843,,0.0
61096,657,10.68045,160,False,853.6180175677689,,0.0
61272,658,20.563593,225,False,1301.7437106085217,,3.600000000000001
61376,659,14.885833,189,False,1050.6333049184886,,0.2
61436,660,-1.234772,85,False,433.00910350749245,,0.6000000000000001
61512,661,-5.471788,60,False,329.12848737788204,,2.1999999999999997
61536,662,-5.840865,40,False,232.76540891814443,,0.0
61560,663,37.814295,225,True,1278.171817354823,,0.0
61792,664,-3.564554,64,False,328.61783914235616,,0.4
61888,665,0.388993,113,False,560.3597227069213,,2.6
62280,666,5.804907,122,False,666.5962651647242,,0.6000000000000001
62344,667,2.868327,114,False,617.9330676935383,,1.4
62412,668,35.407086,225,True,1212.2834543297995,,0.6000000000000001
62460,669,35.534615,225,True,1222.1845923928554,,1.7999999999999998
62668,670,-5.403376,52,False,299.8649546165552,,1.5999999999999999
62772,671,2.488088,107,False,589.9235385866541,,1.7999999999999998
62932,672,9.012613,163,False,882.9045345103241,,3.800000000000001
62968,673,-4.982745,49,False,267.0902148476389,,0.0
63112,674,-7.830386,45,False,235.58455199125024,,2.8000000000000003
63256,675,-3.51452,72,False,341.01921829900016,,0.0
63312,676,38.326368,225,True,1321.0547331386924,,0.2
63568,677,35.256681,225,True,1239.8672557389264,,0.0
63604,678,-3.342013,87,False,373.51949115599655,,1.4
64012,679,29.916726,225,True,1015.0690541590727,,0.0
64100,680,4.123428,124,False,637.7371004996132,,0.0
64172,681,2.871881,151,False,646.0752360786573,,3.400000000000001
64212,682,36.432038,225,True,1227.681535771129,,0.0
64328,683,-7.901461,29,False,169.54154519331928,,0.2
64536,684,6.049167,131,False,708.3666916811892,,0.0
64688,685,-2.449571,90,False,414.8171661940628,,1.9999999999999998
64988,686,16.930007,204,False,1094.0002905388592,,0.0
65000,687,30.985473,225,True,1101.0189294762754,,0.0
65436,688,33.552654,225,True,1186.1061764136657,,0.0
65572,689,3.135823,143,False,653.4329151794032,,1.2
65588,690,32.997991,225,True,1144.7196247268812,,0.0
65656,691,13.228818,167,False,944.3527215651488,,1.5999999999999999
66332,692,16.415529,190,False,1113.4211518968455,,2.6
66336,693,38.459097,225,True,1302.3638698540276,,1.4
66488,694,33.350741,225,True,1198.8296550749578,,1.9999999999999998
66556,695,37.801003,225,True,1244.0401143007025,,1.5999999999999999
66640,696,-2.69024,76,False,395.5903968850964,,1.5999999999999999
66776,697,-1.906016,72,False,425.359362336691,,2.1999999999999997
66868,698,3.956881,134,False,624.6752337781722,,2.8000000000000003
67008,699,-0.218728,113,False,588.8508805282595,,6.000000000000003
67012,700,-7.950155,36,False,205.99380782186404,,1.7999999999999998
67064,701,-4.574759,106,False,385.00965166903893,,3.600000000000001
67676,702,34.157498,225,True,1242.2999058787414,,1.2
67908,703,35.624396,225,True,1174.5758352400217,,0.8
67912,704,37.007238,225,True,1271.4895257913877,,0.0
67964,705,36.897813,225,True,1275.1125330061618,,3.400000000000001
68108,706,-5.727821,50,False,253.28714845618015,,0.0
68336,707,-5.166919,57,False,298.1232339326973,,0.2
68576,708,32.766682,225,True,1135.4672627560326,,0.0
68812,709,33.277689,225,True,1181.5075520306145,,0.0
68864,710,33.139946,225,True,1177.5978530398647,,0.6000000000000001
69236,711,35.468837,225,True,1225.9534700829677,,0.0
69292,712,7.869097,179,False,822.7638979066669,,3.800000000000001
69448,713,-0.394494,159,False,553.0202434158609,,3.600000000000001
69620,714,-1.700992,82,False,398.3603275805149,,0.0
69764,715,36.740765,225,True,1288.0305907449256,,0.4
69848,716,9.403502,153,False,829.7400637014366,,0.8
70344,717,10.406808,145,False,826.6723394869734,,0.2
70348,718,29.233056,225,True,1010.1222396447395,,1.0
70520,719,30.071236,225,True,1034.0494502588247,,0.0
70748,720,31.160026,225,True,1108.0010296772025,,0.0
70868,721,-0.788173,87,False,439.6730771516943,,3.600000000000001
70968,722,7.337755,155,False,761.5102084104981,,0.0
71208,723,21.4829,216,False,1218.516018246935,,4.400000000000001
71416,724,0.014144,112,False,487.7657712577775,,0.2
71636,725,12.375365,192,False,933.4145993891489,,0.4
71648,726,26.525071,225,True,1036.2028544950515,,6.000000000000003
71704,727,0.221949,124,False,515.2779751521914,,0.0
71716,728,-4.237632,75,False,375.29472242249335,,2.6
71800,729,-7.668015,38,False,222.87938453478318,,1.9999999999999998
72032,730,-4.901781,58,False,270.32874402408925,,0.0
72060,731,1.278367,86,False,511.93466841644477,,2.1999999999999997
72120,732,-1.013073,104,False,446.6770650223498,,0.2
72464,733,1.864333,101,False,600.1733282736632,,2.1999999999999997
72536,734,38.857186,225,True,1318.2874222021105,,0.0
72744,735,-3.03958,70,False,365.61678987157416,,0.2
72932,736,37.61405,225,True,1284.5620120464728,,0.0
72956,737,13.956336,209,False,1028.6534471092073,,2.8000000000000003
73092,738,-7.633761,40,False,223.4495574194084,,1.9999999999999998
73188,739,-4.974799,58,False,321.8080570614766,,3.600000000000001
73224,740,6.059588,120,False,708.7835021716128,,0.0
73436,741,38.072891,225,True,1341.3156564106662,,2.4
73464,742,1.818372,93,False,550.3348994098908,,2.8000000000000003
73516,743,-2.296493,73,False,396.94028447055257,,0.0
73728,744,-1.326163,73,False,424.553461919382,,0.0
73776,745,-2.381774,78,False,414.32905682927253,,1.9999999999999998
73836,746,10.215176,162,False,874.2070591972417,,0.2
74048,747,-4.097603,68,False,342.49589747137975,,3.0000000000000004
74416,748,38.033523,225,True,1277.3409051001327,,0.0
74628,749,34.565995,225,True,1170.6397901317637,,0.0
74736,750,33.532215,225,True,1151.6885829100456,,0.6000000000000001
74948,751,-1.751842,80,False,396.3263137502786,,0.0
74948,752,36.6395,225,True,1285.5799931537108,,0.4
75304,753,3.479295,142,False,645.571798625466,,1.4
75316,754,33.963014,225,True,1164.1205658920271,,0.6000000000000001
75848,755,34.448127,225,True,1215.52506252817,,0.0
75848,756,36.447606,225,True,1245.9042314207773,,1.9999999999999998
76080,757,15.652576,191,False,1052.5030223425642,,0.0
76204,758,36.641022,225,True,1271.240862253248,,1.4
76460,759,6.854259,153,False,753.370354708213,,4.400000000000001
76680,760,-5.429632,55,False,265.21473508092254,,0.0
76748,761,36.673587,225,True,1268.5434906402465,,0.0
76980,762,30.917366,225,True,1098.294627324417,,0.6000000000000001
77104,763,33.530858,225,True,1182.034331796951,,0.6000000000000001
77580,764,36.819939,225,True,1265.5975707296689,,1.2
77648,765,32.76846,225,True,1183.5384040066779,,0.0
77772,766,-7.709,31,False,172.43998883193103,,0.0
77880,767,37.520297,225,True,1261.611898758374,,0.6000000000000001
78004,768,27.099177,225,True,923.167099591459,,0.2
78164,769,-2.199417,98,False,393.62333345425145,,0.0
78480,770,38.25047,225,True,1306.8188082464071,,0.0
78604,771,4.434489,110,False,626.1795676577992,,1.2
78712,772,-2.672195,58,False,343.5121815112682,,0.0
78760,773,10.678973,189,False,891.9589114069299,,0.2
78780,774,39.18015,225,True,1340.8060075016479,,0.0
79052,775,-1.210086,73,False,433.9965462282537,,0.0
79108,776,4.682817,126,False,632.9126911768151,,0.6000000000000001
79216,777,4.559945,126,False,661.5978185926585,,1.9999999999999998
79292,778,-0.006,128,False,574.9600178205283,,6.000000000000003
79900,779,8.198853,198,False,906.3541314493632,,8.8
79952,780,32.494606,225,True,1130.9842406109783,,0.0
80076,781,-6.306773,44,False,230.1290794909412,,0.0
80116,782,36.190279,225,True,1272.4111702547298,,0.0
80192,783,33.650514,225,True,1180.4205460087846,,0.0
80780,784,6.420302,176,False,734.4120947262973,,1.9999999999999998
80852,785,33.149618,225,True,1161.984727079815,,0.6000000000000001
81016,786,28.491638,225,True,1012.4655174921602,,0.0
81092,787,34.680776,225,True,1173.6310345978286,,0.0
81480,788,-2.076005,97,False,424.95979410867835,,2.1999999999999997
81680,789,31.465602,225,True,1112.2240763816471,,0.0
81752,790,38.42886,225,True,1304.354412705292,,0.0
81916,791,35.232576,225,True,1213.3030504594326,,0.0
82380,792,22.868177,225,True,793.927072781343,,1.2
82580,793,23.697093,225,True,830.2837206892602,,0.4
82652,794,32.21776,225,True,1142.31040033928,,1.4
82816,795,34.092772,225,True,1132.510889816897,,1.9999999999999998
83280,796,23.459495,225,True,779.9798162471614,,0.2
83480,797,22.80575,225,True,785.0300043409741,,0.0
83552,798,27.423151,225,True,969.7260488795018,,0.6000000000000001
83716,799,27.158001,225,True,911.1200364079432,,0.0
84052,800,8.027516,193,False,801.9006287291079,,0.0
84068,801,-2.361128,88,False,378.35487632717513,,0.0
84380,802,36.726571,225,True,1236.2628262551375,,0.6000000000000001
84452,803,32.033749,225,True,1109.3499656660438,,1.9999999999999998
84672,804,-3.930977,73,False,340.36090879453013,,1.9999999999999998
84752,805,11.524931,171,False,919.3972363893147,,2.1999999999999997
84952,806,30.501677,225,True,1044.8670674182288,,2.8000000000000003
85308,807,7.529133,214,False,858.7653216051965,,5.8000000000000025
85572,808,31.812035,225,True,1042.8813968163659,,0.0
85580,809,-5.639353,68,False,298.4258694376733,,1.7999999999999998
85652,810,27.868992,225,True,1022.7596702759729,,5.400000000000002
85852,811,21.176945,225,True,796.6778094472668,,2.8000000000000003
86264,812,1.872547,103,False,558.9018935841193,,0.0
86472,813,26.215555,225,True,937.422212593382,,0.6000000000000001
86480,814,22.534794,225,True,788.5917702843583,,0.0
86552,815,36.96614,225,True,1295.4456185679537,,0.6000000000000001
86896,816,-2.031509,106,False,458.73964404606977,,3.800000000000001
87044,817,13.829704,195,False,1080.388142569202,,4.200000000000001
87380,818,31.472045,225,True,1117.28180170191,,0.0
87452,819,34.138686,225,True,1177.5474586771898,,1.5999999999999999
87612,820,16.293498,179,False,1066.9399351477618,,0.0
87944,821,1.3057,83,False,464.22799769965695,,1.0
87944,822,23.36757,225,True,823.5027848635127,,0.0
88280,823,36.962208,225,True,1236.088305905003,,0.8
88352,824,28.696199,225,True,1004.6479490079964,,0.0
88596,825,-2.900668,79,False,355.17326181819067,,0.2
88844,826,36.116913,225,True,1250.2765379355706,,0.0
88844,827,34.028555,225,True,1144.3422063487887,,0.6000000000000001
89244,828,4.903993,162,False,650.559729216405,,1.0
89252,829,35.456063,225,True,1251.0425119322013,,0.0
89684,830,7.700511,210,False,830.4204493334671,,3.400000000000001
89744,831,38.436579,225,True,1303.0631706523995,,0.0
89952,832,-5.817523,67,False,291.2990950303638,,2.1999999999999997
90144,833,33.308324,225,True,1123.5329638419416,,0.0
90152,834,27.953259,225,True,944.5303682195556,,0.0
90644,835,34.744809,225,True,1180.1923616002623,,0.4
90852,836,17.534201,225,False,1127.7680498509799,,0.2
91044,837,26.698466,225,True,918.3386202316126,,0.2
91052,838,34.418084,225,True,1146.3233497995843,,0.0
91544,839,38.163179,225,True,1325.7271431656618,,0.0
91700,840,5.754844,212,False,763.793768815362,,3.2000000000000006
91896,841,11.801342,211,False,940.0536652095268,,0.6000000000000001
91944,842,21.989755,225,True,763.5902006836895,,0.0
92092,843,3.383548,137,False,603.3419148754285,,1.4
92096,844,2.386831,99,False,568.2732487930916,,1.0
92508,845,9.194813,153,False,792.592508789988,,0.4
92552,846,-3.438381,115,False,435.2647754695299,,2.6
92844,847,22.35713,225,True,800.6851962688534,,0.8
92996,848,34.478322,225,True,1187.9328673721666,,0.6000000000000001
93104,849,5.761586,149,False,718.4634583117283,,0.0
93208,850,-9.036955,26,False,120.92179078405502,,0.0
93452,851,25.442985,225,True,916.1193913273346,,0.4
93560,852,-0.909625,88,False,425.21501470037333,,0.2
93568,853,10.984012,181,False,938.5604630796247,,1.7999999999999998
93776,854,4.887179,195,False,725.08714093355,,2.4
93816,855,-3.384269,64,False,359.829238011233,,1.2
94228,856,0.991393,113,False,522.0557185654943,,0.6000000000000001
94272,857,3.227705,114,False,569.9082107453539,,0.2
94352,858,31.456551,225,True,1095.8620435517669,,1.5999999999999999
94468,859,28.965559,225,True,1017.0223779186156,,0.0
94624,860,0.644488,99,False,476.1795328223991,,0.0
94632,861,1.001592,90,False,508.06369777254895,,0.0
95056,862,1.989798,108,False,547.5919178934864,,0.0
95252,863,32.596627,225,True,1094.2650906940412,,0.8
95368,864,10.560204,184,False,901.6081738482274,,2.4
95368,865,29.638401,225,True,1056.73603286332,,4.200000000000001
95956,866,33.19342,225,True,1126.936800145455,,2.4
96052,867,7.184855,171,False,748.1942012628497,,2.4
96152,868,30.187148,225,True,1062.6859362930886,,0.2
96268,869,28.980168,225,True,984.0067022641852,,1.2
96856,870,36.425466,225,True,1261.0186429765927,,0.0
96952,871,35.230362,225,True,1227.6144762569356,,0.0
97052,872,36.49858,225,True,1278.3431812447097,,0.0
97168,873,34.551105,225,True,1158.8442148683985,,2.1999999999999997
97756,874,36.048968,225,True,1253.1587003976538,,0.0
97852,875,37.731404,225,True,1332.4561546321142,,1.2
97904,876,8.891069,184,False,802.8427586968521,,0.6000000000000001
97952,877,38.129731,225,True,1239.5892226868673,,0.2
98656,878,36.691884,225,True,1238.0753704803742,,0.0
98752,879,37.913216,225,True,1310.9286446456326,,0.0
98804,880,36.192038,225,True,1222.8815028642462,,0.2
98852,881,25.418324,225,True,903.1329512135899,,0.0
99556,882,32.398338,225,True,1135.1335162163914,,0.6000000000000001
99652,883,33.983224,225,True,1193.7289591308954,,1.5999999999999999
99704,884,33.328242,225,True,1125.92966743322,,0.0
99752,885,34.024126,225,True,1179.3650584081065,,0.0
99904,886,-3.120918,63,False,331.9632735032317,,0.4
100088,887,4.766344,133,False,661.8537407181466,,0.4
100424,888,6.856631,168,False,732.6652225636501,,0.0
100604,889,31.881362,225,True,1162.4544898062613,,1.9999999999999998
100804,890,35.522289,225,True,1247.2915461624852,,0.2
100988,891,33.20703,225,True,1129.0811936614964,,1.4
101128,892,4.068339,131,False,606.7335795483216,,1.4
101324,893,34.603992,225,True,1200.9596848775095,,0.0
101704,894,21.463576,225,True,809.7430394627493,,2.8000000000000003
101888,895,36.100529,225,True,1267.2211472133313,,0.6000000000000001
102028,896,36.069895,225,True,1240.3957967145911,,0.0
102124,897,10.713517,200,False,928.5406919758425,,2.6
102284,898,-2.254534,99,False,417.8186582664812,,2.4
102388,899,9.054247,171,False,816.5698615604708,,1.2
102928,900,22.402195,225,True,784.0877822481261,,0.0
103024,901,25.160287,225,True,944.8114649220802,,3.400000000000001
103184,902,33.876648,225,True,1181.4659132725974,,1.2
103288,903,34.588037,225,True,1197.1214848039635,,0.6000000000000001
103480,904,5.466963,138,False,670.6785106714765,,0.0
103868,905,20.604805,211,False,1236.1921856108283,,0.0
104084,906,35.321193,225,True,1228.0477200565251,,0.0
104188,907,27.679655,225,True,971.9862067307995,,0.0
104336,908,2.821065,117,False,564.8426149533179,,0.0
104364,909,-5.483716,44,False,258.25135483921986,,0.0
104380,910,38.89173,225,True,1279.6692185172665,,0.0
104544,911,0.643362,115,False,588.1344618639973,,5.400000000000002
104768,912,3.594739,97,False,573.3895629404433,,0.6000000000000001
105236,913,35.928084,225,True,1199.523354500734,,0.6000000000000001
105264,914,33.165355,225,True,1117.8141891647615,,0.0
105444,915,22.754748,225,True,803.7899088527352,,0.0
105668,916,39.088053,225,True,1337.1221063231956,,0.2
105976,917,3.806719,178,False,721.0687614226001,,2.8000000000000003
106136,918,34.253439,225,True,1164.5375420258847,,0.6000000000000001
106344,919,24.561073,225,True,823.2429100221043,,0.0
106512,920,-6.195154,42,False,244.19383808303178,,0.4
106568,921,27.116238,225,True,935.049516070542,,0.0
106876,922,24.067949,225,True,849.9179438883323,,0.0
106952,923,17.81888,204,False,1181.5552123759517,,0.4
107072,924,8.120472,140,False,727.2188962934649,,0.0
107236,925,8.273928,167,False,811.757138923881,,0.0
107632,926,14.468585,170,False,1009.9434088825485,,0.6000000000000001
107776,927,25.853757,225,True,906.9502737325756,,0.0
107972,928,38.409016,225,True,1247.5606350244511,,0.4
108072,929,3.524965,110,False,620.1986013440885,,1.7999999999999998
108136,930,25.071467,225,True,922.0586747805103,,0.0
108612,931,15.236914,209,False,1049.4765597490791,,2.4
108724,932,8.724823,147,False,818.5929286114288,,0.0
108872,933,25.611188,225,True,937.2475271941632,,5.400000000000002
108972,934,37.447986,225,True,1316.319430444913,,0.8
109204,935,-0.087416,120,False,480.503355024558,,0.0
109512,936,33.301895,225,True,1124.8757821250147,,0.8
109548,937,-2.340557,86,False,407.97772203791874,,1.2
109772,938,36.478296,225,True,1290.3318472692267,,0.0
109872,939,36.304015,225,True,1237.760594204969,,0.0
109924,940,0.439746,103,False,493.58982550287556,,0.8
110268,941,0.442554,99,False,499.302147071787,,0.0
110448,942,28.799107,225,True,1003.9642697803949,,0.0
110580,943,0.065156,78,False,452.20625307564023,,1.0
110672,944,37.872362,225,True,1325.294490513862,,1.0
110824,945,31.192217,225,True,1159.6886983126778,,1.4
111064,946,-0.368718,98,False,459.65127814558696,,1.5999999999999999
111332,947,-1.154847,127,False,437.00613284250403,,0.0
111348,948,31.896984,225,True,1100.6793742297514,,2.1999999999999997
111440,949,0.156877,94,False,479.0750764878169,,2.1999999999999997
111472,950,-8.374365,35,False,199.42539992029015,,2.1999999999999997
111480,951,30.040355,225,True,1015.2141978887562,,2.8000000000000003
111604,952,-7.53146,31,False,176.34160312896984,,0.0
112248,953,38.617928,225,True,1292.7171321817068,,1.9999999999999998
112340,954,21.127515,225,True,738.7006182633011,,0.0
112372,955,37.962358,225,True,1336.894336887116,,1.7999999999999998
112504,956,40.089136,225,True,1340.3654545927698,,0.4
112856,957,-0.40313,88,False,480.67480683255053,,2.6
112868,958,2.171017,124,False,643.6406779941926,,4.600000000000001
113148,959,23.58992,225,False,1297.9967906608608,,0.6000000000000001
113204,960,19.61156,216,False,1218.8623866704675,,0.6000000000000001
113596,961,17.213739,185,False,1098.94957960805,,0.0
113768,962,31.984818,225,True,1089.792704279475,,0.4
114048,963,30.755065,225,True,1087.0025839965215,,0.0
114104,964,38.910186,225,True,1330.00743213539,,3.0000000000000004
114420,965,-1.431769,93,False,501.9292217915863,,4.600000000000001
114440,966,-0.462718,84,False,453.49126645671004,,0.6000000000000001
114496,967,32.550489,225,True,1099.619545952593,,3.400000000000001
114564,968,-8.183367,31,False,180.66532014597965,,0.6000000000000001
114668,969,25.649296,225,True,914.771853054134,,2.4
114688,970,-2.135039,67,False,387.39842173040506,,0.4
114756,971,-7.019297,48,False,259.2281253102267,,2.1999999999999997
114880,972,-1.143653,96,False,454.25386370943625,,2.1999999999999997
114940,973,-6.043577,46,False,239.8569067171959,,0.0
114944,974,-3.220576,64,False,338.3769544693869,,0.2
115568,975,39.262328,225,True,1327.2931210342863,,0.4
115780,976,30.124839,225,True,983.3935400423943,,0.6000000000000001
115840,977,38.054838,225,True,1311.7935045478653,,1.0
115844,978,26.831702,225,True,936.468097281426,,1.5999999999999999
116092,979,-2.226353,63,False,362.9458634179816,,0.0
116240,980,6.067029,115,False,669.0811484389067,,0.0
116468,981,38.329635,225,True,1330.7853963998487,,0.0
116628,982,6.137856,134,False,675.1142595816018,,0.6000000000000001
116744,983,22.162995,225,True,780.1198183786394,,0.0
117032,984,-0.927067,72,False,426.1173063973745,,0.0
117140,985,26.774392,225,True,934.1756825782256,,3.2000000000000006
117236,986,-5.924331,51,False,296.6267610097325,,2.1999999999999997
117272,987,10.454462,161,False,842.9784712692615,,0.0
117368,988,33.606656,225,True,1157.0662221310986,,1.5999999999999999
117580,989,-1.080513,77,False,447.9794737382317,,2.8000000000000003
117680,990,-2.321809,78,False,372.72765594353996,,0.0
117992,991,8.154349,213,False,866.1739699701998,,4.200000000000001
118136,992,39.690236,225,True,1318.009436420337,,0.0
118304,993,8.549178,181,False,750.7671082143452,,0.2
118364,994,-4.498923,57,False,337.64309268256034,,2.1999999999999997
118564,995,-3.91781,65,False,308.88761566469066,,0.0
118580,996,26.325194,225,True,909.007768079392,,0.0
118640,997,-2.14045,69,False,409.5819973882926,,0.0
118892,998,30.656674,225,True,1033.466977478737,,0.8
118996,999,0.614178,89,False,482.9671047837769,,0.0
119060,1000,1.700525,120,False,566.4210081059721,,3.800000000000001
119156,1001,-1.767984,66,False,386.0806504328898,,0.0
119288,1002,-4.573862,57,False,323.4455005995221,,1.0
119428,1003,-1.148786,108,False,418.04857803115874,,0.6000000000000001
119464,1004,34.555846,225,True,1320.633828837446,,5.8000000000000025
120056,1005,33.043636,225,True,1132.1454466635491,,1.4
120188,1006,28.241244,225,True,1060.0497660705046,,2.4
120288,1007,-3.104193,58,False,342.2322916474618,,0.0
120328,1008,22.677749,225,True,819.9099623524096,,1.0
120340,1009,-6.662319,38,False,218.30722827847148,,0.8
120364,1010,39.491873,225,True,1343.6749180777192,,0.0
120700,1011,-4.17784,84,False,430.4864184630269,,4.800000000000002
120860,1012,-6.081332,40,False,234.34673043664702,,0.0
121188,1013,36.735147,225,True,1262.2058857630764,,0.0
121228,1014,29.698734,225,True,1017.5493597444854,,2.4
121240,1015,22.503205,225,True,907.328219342905,,7.600000000000004
121284,1016,-8.962235,24,False,138.31059311364993,,0.6000000000000001
121544,1017,-2.457087,79,False,420.1165178256115,,2.1999999999999997
121676,1018,19.18696,204,False,1214.678419024534,,3.2000000000000006
121828,1019,12.914032,147,False,874.1612840910832,,1.7999999999999998
122064,1020,8.043261,130,False,772.1304401582847,,1.7999999999999998
122100,1021,11.865706,204,False,917.0282543121994,,3.400000000000001
122208,1022,-9.999984,27,False,135.20062412226912,,2.1999999999999997
122576,1023,33.802263,225,True,1186.4905315402598,,5.000000000000002
122728,1024,25.415628,225,True,924.6251163549955,,1.7999999999999998
122744,1025,-5.9059,42,False,246.16398215544655,,0.0
122880,1026,-7.957693,38,False,215.29228599363887,,2.1999999999999997
122964,1027,33.651339,225,True,1134.8535482985462,,1.2
123108,1028,35.057388,225,True,1199.89550616325,,3.400000000000001
123212,1029,-2.5944,62,False,354.6239916050349,,0.0
123300,1030,-8.586904,48,False,194.92384264686075,,3.0000000000000004
123644,1031,37.612206,225,True,1321.2882430523696,,0.6000000000000001
123780,1032,25.727181,225,True,901.8872509119808,,0.0
123980,1033,-0.996257,84,False,472.9497325277457,,2.1999999999999997
124112,1034,33.099261,225,True,1177.5704507966298,,6.400000000000003
124156,1035,22.126975,214,False,1274.6789859238447,,2.8000000000000003
124548,1036,4.464641,142,False,623.3856567514395,,0.4
124680,1037,23.357045,225,True,840.6817968570285,,0.8
124684,1038,-8.068809,34,False,164.44764171687007,,0.2
124920,1039,-4.256374,59,False,344.14503521337633,,1.9999999999999998
125012,1040,39.169215,225,True,1329.1685828300178,,0.0
125056,1041,34.560702,225,True,1197.6280732544697,,0.0
125256,1042,-0.4245,144,False,587.019987892691,,6.800000000000003
125408,1043,-2.394967,99,False,475.4013176724104,,4.400000000000001
125796,1044,3.290881,97,False,566.0352363413565,,0.0
125820,1045,40.672324,225,True,1341.2929753626604,,2.1999999999999997
125880,1046,14.90581,206,False,1093.0323862471068,,4.800000000000002
125908,1047,-10.218017,22,False,125.67931667350945,,2.1999999999999997
126044,1048,-7.315806,41,False,194.56775952984253,,0.4
126156,1049,36.787972,225,True,1235.5188673055086,,0.0
126556,1050,3.945338,100,False,593.8135223759105,,0.0
126696,1051,34.629964,225,True,1179.5985703341507,,2.1999999999999997
126716,1052,14.973746,168,False,956.5498246162535,,1.9999999999999998
126808,1053,27.388546,225,True,974.7418567170064,,1.2
126992,1054,1.019321,109,False,519.9728216727726,,0.4
127140,1055,-0.842063,83,False,432.7174988380841,,0.0
127452,1056,17.699572,189,False,1107.9828749767203,,1.2
127616,1057,37.968717,225,True,1316.348688531757,,0.6000000000000001
127880,1058,-3.773745,66,False,373.8501880155309,,0.6000000000000001
127892,1059,36.898832,225,True,1297.5532798042514,,0.0
128040,1060,31.159359,225,True,1031.1743479363365,,1.5999999999999999
128344,1061,0.218908,113,False,532.7563121110941,,1.7999999999999998
128352,1062,39.921395,225,True,1340.0558187515198,,0.0
128560,1063,-7.637414,54,False,176.90345410445252,,0.0
128780,1064,33.541407,225,True,1264.8562790888623,,7.0000000000000036
128940,1065,28.454791,225,True,975.7916529555791,,1.4
128984,1066,0.731112,106,False,498.0444655906615,,2.8000000000000003
128984,1067,-5.504594,51,False,300.616242864269,,1.5999999999999999
129144,1068,-8.008116,40,False,218.07534663073488,,3.0000000000000004
129252,1069,37.243861,225,True,1324.154434648617,,5.400000000000002
129760,1070,8.091887,127,False,742.0754988234185,,0.0
129840,1071,39.240078,225,True,1343.2031242828411,,0.0
129884,1072,36.679753,225,True,1251.990126741663,,2.4
130044,1073,21.27125,225,True,738.050008311217,,0.0
130124,1074,-4.477038,60,False,341.71848099930594,,1.5999999999999999
130192,1075,-7.043512,37,False,205.459520856175,,0.0
130464,1076,4.742665,156,False,689.7066133586111,,1.5999999999999999
130612,1077,-7.504609,37,False,166.2156306647937,,0.0
130660,1078,39.284296,225,True,1341.7718422525822,,0.0
130760,1079,10.160336,142,False,804.0134328652885,,0.4
131024,1080,37.052289,225,True,1279.6915618441822,,1.2
131436,1081,13.022454,169,False,931.2981690161198,,0.8
131512,1082,38.439613,225,True,1323.9845159783617,,1.0
131560,1083,36.281583,225,True,1192.8633148717063,,0.6000000000000001
131812,1084,-2.297662,75,False,364.0935358478175,,0.0
131876,1085,-0.634915,79,False,431.4034181957486,,0.2
131924,1086,23.393703,225,True,827.7481196699716,,0.0
131996,1087,-5.369284,46,False,251.6286446656577,,0.6000000000000001
132124,1088,-2.792432,62,False,365.902703524308,,1.0
132336,1089,36.710113,225,True,1262.8045313036405,,0.0
132564,1090,12.417746,160,False,873.5098229968135,,0.6000000000000001
132896,1091,25.602598,225,True,908.1039058783028,,1.7999999999999998
133024,1092,37.859258,225,True,1292.7703035987038,,0.0
133148,1093,-2.872346,63,False,373.9061648235538,,0.0
133236,1094,37.43593,225,True,1265.4372047130805,,0.2
133288,1095,-1.551234,66,False,388.3506532517049,,0.0
133464,1096,34.846088,225,True,1201.0435235161622,,1.0
134048,1097,32.630815,225,True,1134.032600624053,,3.400000000000001
134136,1098,35.308751,225,True,1185.9500234475754,,1.7999999999999998
134188,1099,35.544192,225,True,1188.9676935463044,,1.7999999999999998
134364,1100,32.26115,225,True,1123.2460044001937,,0.6000000000000001
134496,1101,-1.9135,112,False,415.4599952639628,,0.4
134764,1102,5.336335,144,False,638.2533862538471,,0.2
134916,1103,1.375205,105,False,555.0082067574872,,0.0
134956,1104,-5.277256,48,False,282.5097498577545,,0.2
135024,1105,7.999439,165,False,866.3775774639425,,5.200000000000002
135036,1106,38.615849,225,True,1291.0339462770612,,1.0
135324,1107,3.574765,102,False,594.190612240558,,0.0
135388,1108,0.197559,108,False,544.702351050181,,2.6
135464,1109,5.07975,110,False,655.189996752523,,0.0
135464,1110,5.011873,107,False,628.4749387194368,,0.0
135816,1111,0.890073,123,False,506.8029214260798,,0.6000000000000001
135896,1112,6.515855,108,False,640.63419520509,,1.2
135920,1113,-9.941456,26,False,147.941779646535,,2.1999999999999997
136248,1114,-2.393744,88,False,415.4502592995045,,1.9999999999999998
136288,1115,21.943711,225,True,771.348455277416,,1.7999999999999998
136364,1116,40.272065,225,True,1333.282601654926,,0.0
136724,1117,1.194882,109,False,522.9952788725791,,1.0
136816,1118,7.177194,142,False,728.687762958245,,3.0000000000000004
136820,1119,39.435111,225,True,1328.6044553198412,,3.2000000000000006
136860,1120,-8.675031,34,False,172.198744808049,,1.5999999999999999
137000,1121,0.211661,159,False,638.0664465629104,,5.200000000000002
137000,1122,-5.327837,46,False,270.0865285841685,,0.0
137536,1123,1.886365,134,False,586.6545983431884,,0.6000000000000001
137580,1124,6.916265,180,False,783.8506121669946,,2.6
137720,1125,35.153992,225,True,1216.5596633726323,,0.0
137732,1126,-7.928444,38,False,222.8622200022462,,2.1999999999999997
137900,1127,38.391335,225,True,1320.4534035803522,,1.7999999999999998
137944,1128,-0.301644,102,False,500.7342575614073,,0.0
138008,1129,-4.092087,72,False,381.1165237829068,,4.000000000000001
138264,1130,-2.546789,64,False,378.9284429595832,,1.9999999999999998
138324,1131,-2.064406,106,False,415.82374979467977,,1.9999999999999998
138632,1132,35.578969,225,True,1307.1587612822823,,4.200000000000001
138844,1133,38.939654,225,True,1343.986172979418,,0.6000000000000001
138976,1134,13.395568,163,False,969.4227195427704,,2.1999999999999997
139000,1135,0.945022,92,False,541.8008970175101,,1.9999999999999998
139056,1136,16.904189,198,False,1084.967575853635,,5.000000000000002
139464,1137,-0.321379,116,False,605.5448509988055,,8.8
139728,1138,1.082658,168,False,672.1063182541645,,4.800000000000002
139744,1139,38.969105,225,True,1321.1641852879525,,0.6000000000000001
139876,1140,26.345425,225,True,1062.6170026629038,,7.800000000000004
140364,1141,32.573895,225,True,1198.1558128537235,,5.600000000000002
140628,1142,34.589796,225,True,1182.7918265743374,,3.600000000000001
140644,1143,38.074022,225,True,1340.560874396866,,1.5999999999999999
140720,1144,19.197163,211,False,1186.2865062512583,,0.6000000000000001
140740,1145,-8.503329,28,False,161.46684692581675,,0.8
141152,1146,-0.546002,108,False,470.95991276350037,,0.2
141264,1147,27.651752,225,True,1127.6700985117832,,2.1999999999999997
141544,1148,34.777485,225,True,1241.499383665548,,0.6000000000000001
141640,1149,24.985878,225,True,881.8351382467347,,1.5999999999999999
142052,1150,25.815608,225,True,923.0243363358206,,0.0
142164,1151,38.739252,225,True,1332.7700792599103,,1.2
142408,1152,1.609742,89,False,529.9896752377042,,0.0
142444,1153,37.270286,225,True,1270.811426242817,,0.8
142540,1154,33.142027,225,True,1134.4810734965017,,3.600000000000001
142576,1155,-6.503913,42,False,247.04349242164312,,2.6
143064,1156,30.151434,225,True,1070.8573631721797,,4.400000000000001
143076,1157,7.680125,134,False,784.8049849643562,,2.4
143240,1158,10.729947,199,False,925.997877610334,,3.600000000000001
143476,1159,39.201555,225,True,1336.8622196900951,,1.5999999999999999
143740,1160,2.41908,125,False,624.7632154511455,,3.600000000000001
143964,1161,38.952227,225,True,1341.2890856497825,,0.0
143976,1162,19.955132,225,True,752.6052803268858,,1.9999999999999998
144188,1163,-6.670075,53,False,215.5970178927114,,0.0
144256,1164,6.916725,129,False,752.6689834413719,,4.000000000000001
144320,1165,-7.551962,33,False,180.3215021674116,,0.0
144376,1166,28.017556,225,True,961.5022417888906,,0.4
144652,1167,-0.009995,99,False,490.0001880441778,,0.0
144668,1168,0.801778,87,False,504.87112183092586,,0.0
144864,1169,36.484245,225,True,1292.1697836969374,,1.2
145108,1170,2.392719,114,False,545.308765295056,,0.6000000000000001
145188,1171,4.278972,130,False,637.5588882788704,,0.0
145276,1172,33.553055,225,True,1165.3222009130363,,0.2
145488,1173,-4.151107,75,False,322.75572549232857,,0.2
145584,1174,-2.45389,77,False,401.8443871907209,,1.9999999999999998
145656,1175,-7.199297,42,False,248.02813978242443,,2.1999999999999997
145764,1176,37.67148,225,True,1318.8591933218077,,0.0
145836,1177,-7.105234,45,False,197.39062179267626,,0.0
146008,1178,25.112291,225,True,939.6916533182296,,3.0000000000000004
146088,1179,-6.617032,81,False,359.3187351718818,,2.1999999999999997
146192,1180,0.50813,89,False,518.725180928617,,3.0000000000000004
146300,1181,-1.466245,73,False,426.9501989665639,,0.8
146484,1182,36.313101,225,True,1235.7240224006314,,1.0
146592,1183,7.624342,126,False,750.5736994744198,,0.0
147092,1184,33.190718,225,True,1134.8287378091372,,3.800000000000001
147200,1185,33.92914,225,True,1132.3656159489901,,1.7999999999999998
147384,1186,36.722038,225,True,1317.6815390436218,,0.6000000000000001
147492,1187,38.708743,225,True,1344.3497268896094,,1.5999999999999999
147876,1188,2.449174,196,False,705.9669400821713,,0.8
147936,1189,8.577024,184,False,787.0809444542901,,2.4
148064,1190,13.780936,170,False,985.6374354400052,,1.0
148288,1191,-0.276594,88,False,522.5362578759975,,2.1999999999999997
148392,1192,35.716761,225,True,1271.8704479674388,,0.6000000000000001
148472,1193,-6.089053,46,False,268.4378623977386,,1.4
148776,1194,39.944127,225,True,1340.9650709414104,,0.0
148856,1195,2.112116,116,False,546.084629506157,,0.4
148948,1196,1.210697,119,False,500.42789296446836,,0.0
148964,1197,38.153086,225,True,1290.1234436890645,,0.4
149172,1198,-5.624393,52,False,271.8242790770985,,1.2
149308,1199,2.926249,113,False,599.4499664390007,,1.0
149460,1200,7.728995,128,False,751.5597868750147,,0.0
149676,1201,38.979207,225,True,1335.9682618469192,,0.0
149708,1202,3.563829,100,False,594.553150193693,,0.0
149872,1203,-8.788099,41,False,196.4760437041316,,0.6000000000000001
150072,1204,37.998916,225,True,1302.3566572802897,,1.4
150360,1205,35.167844,225,True,1225.11376835785,,0.4
150576,1206,35.458622,225,True,1171.144899385235,,3.400000000000001
150684,1207,0.897116,153,False,561.4846420796327,,2.4
150772,1208,32.79142,225,True,1181.2567947231323,,5.600000000000002
151108,1209,-1.363878,106,False,482.2448727379151,,3.2000000000000006
151260,1210,35.580122,225,True,1214.4048927799836,,3.800000000000001
151476,1211,28.839146,225,True,1010.3658272298549,,0.0
151672,1212,32.204202,225,True,1101.7680949860646,,3.0000000000000004
152008,1213,22.786372,225,True,885.0548638546356,,3.600000000000001
152028,1214,8.711079,138,False,814.8431633634846,,3.600000000000001
152160,1215,37.252821,225,True,1324.5128378022619,,3.800000000000001
152572,1216,39.764085,225,True,1341.7633968851496,,0.4
152648,1217,6.663166,160,False,724.9266575293882,,1.5999999999999999
152648,1218,1.153067,122,False,502.92268364562347,,0.0
152768,1219,-5.248782,49,False,277.2487021700772,,0.8
152868,1220,-5.759491,55,False,317.62036153297254,,2.8000000000000003
152928,1221,39.138844,225,True,1339.153749319731,,0.2
152996,1222,-9.184943,32,False,183.00229040984368,,2.6
153116,1223,-2.854213,117,False,479.43149731836843,,4.400000000000001
153124,1224,-5.497513,49,False,278.4994704158521,,0.2
153144,1225,-7.87483,37,False,217.80681894405143,,2.6
153312,1226,-4.938942,47,False,276.8423390639491,,0.8
153480,1227,1.676782,84,False,495.8712927125664,,1.0
153492,1228,-0.806724,94,False,467.7310545139235,,1.5999999999999999
153668,1229,36.858625,225,True,1340.7449900186743,,0.0
153848,1230,-7.948709,45,False,217.25162180111647,,2.1999999999999997
153976,1231,5.507121,166,False,710.6848460355664,,0.2
154168,1232,-0.336679,80,False,462.532843370622,,4.000000000000001
154188,1233,-5.548773,53,False,311.64909409444886,,4.000000000000001
154380,1234,32.027111,225,True,1214.6844302954223,,1.9999999999999998
154392,1235,37.84858,225,True,1332.3431800271237,,3.0000000000000004
154404,1236,-5.148102,54,False,318.07592238709253,,2.8000000000000003
154520,1237,-8.176274,29,False,138.5490242158171,,0.0
154524,1238,1.959181,89,False,520.7672477669134,,0.8
154712,1239,-5.388252,47,False,276.46993451651065,,0.4
154848,1240,0.386468,114,False,547.4587378535964,,2.4
154960,1241,5.526759,145,False,648.270367503676,,0.4
155296,1242,4.716963,112,False,658.2785116262819,,0.0
155420,1243,36.644625,225,True,1296.9849801559526,,2.1999999999999997
155452,1244,-3.045979,123,False,488.5608266261818,,6.000000000000003
155576,1245,-8.665851,31,False,163.7659552309915,,1.2
155612,1246,38.178862,225,True,1307.154470402677,,1.2
155812,1247,-4.662746,50,False,295.8901664140021,,0.0
155996,1248,3.860113,175,False,681.6045199379146,,1.4
156088,1249,5.414272,128,False,698.970890888497,,0.6000000000000001
156320,1250,23.227312,225,True,801.8924686929493,,0.2
156712,1251,36.702021,225,True,1305.680834284698,,1.9999999999999998
156720,1252,-3.75696,100,False,416.92161770172766,,3.2000000000000006
156896,1253,39.652352,225,True,1342.094073433368,,0.0
156988,1254,40.089641,225,True,1321.1856495805969,,0.6000000000000001
157564,1255,7.439835,144,False,747.9933839335531,,0.0
157612,1256,31.844144,225,True,1117.765748566857,,4.000000000000001
157620,1257,23.701058,225,True,849.6423236786143,,1.0
157796,1258,37.957696,225,True,1301.507830486643,,0.0
158060,1259,-0.293174,110,False,458.67304039552505,,0.2
158184,1260,1.46028,97,False,568.0112033652397,,4.400000000000001
158396,1261,-4.816038,53,False,273.75848201694134,,0.0
158464,1262,29.306739,225,True,1025.8695732386839,,1.4
158512,1263,26.070603,225,True,890.0241276976799,,2.4
158780,1264,-3.442019,67,False,397.51924863979957,,2.1999999999999997
158844,1265,2.820064,95,False,560.0025579060693,,1.2
158960,1266,18.534806,225,True,882.9922570773474,,12.799999999999986
159200,1267,-3.204028,60,False,322.2388922143491,,0.0
159296,1268,31.843266,225,True,1112.93062151793,,0.0
159680,1269,34.632146,225,True,1192.4858422461698,,0.0
159744,1270,38.017548,225,True,1300.7019281502176,,0.0
159840,1271,7.561382,160,False,799.2552769312467,,3.0000000000000004
160196,1272,37.970067,225,True,1337.2026945354937,,2.1999999999999997
160296,1273,9.600461,138,False,810.4184300272634,,0.4
160364,1274,5.269802,131,False,707.5920806562215,,3.400000000000001
160580,1275,21.348695,225,True,765.1478182394608,,1.0
160904,1276,5.950812,177,False,693.2324855406227,,1.4
161116,1277,13.699475,188,False,987.1790051068847,,2.1999999999999997
161196,1278,24.535111,225,True,851.0044427745988,,0.4
161436,1279,8.7934,133,False,782.9359993032294,,0.0
161480,1280,34.579399,225,True,1217.5759723849956,,0.4
161532,1281,4.207374,104,False,614.6949725457885,,0.8
161664,1282,-6.493824,46,False,264.2470347787696,,2.4
161740,1283,5.153166,136,False,714.1266407948576,,2.4
161808,1284,1.945505,93,False,547.420201971936,,0.2
162404,1285,15.845457,185,False,1102.6182862478508,,2.4
162432,1286,38.117268,225,True,1336.690730986285,,0.6000000000000001
162464,1287,14.43579,164,False,955.8316194304732,,0.6000000000000001
162640,1288,36.213515,225,True,1206.140619130354,,0.2
162680,1289,-4.490522,54,False,315.5791315654137,,1.2
162840,1290,-4.427789,50,False,287.6884357345857,,0.6000000000000001
163252,1291,21.12628,212,False,1265.0511854511678,,1.2
163332,1292,38.766882,225,True,1327.4752743887175,,0.8
163340,1293,2.90462,125,False,609.784809208853,,2.4
163580,1294,33.199893,225,True,1130.395727860499,,3.400000000000001
163972,1295,10.842972,180,False,927.3188618800741,,1.2
164232,1296,34.519317,225,True,1163.1726677733468,,0.8
164240,1297,36.981415,225,True,1291.2565801715773,,0.8
164480,1298,34.853974,225,True,1234.9589558184375,,0.0
164592,1299,-2.42915,88,False,441.23401387529316,,4.000000000000001
164692,1300,11.590756,180,False,899.6302246481528,,0.8
164704,1301,-8.676703,28,False,162.53187756066905,,0.0
165132,1302,39.021009,225,True,1300.8403755220957,,1.9999999999999998
165224,1303,6.045615,130,False,713.0245964053365,,0.8
165312,1304,-10.054067,22,False,113.83732691613,,1.2
165380,1305,36.780226,225,True,1272.0090291329548,,4.600000000000001
165404,1306,-2.099387,68,False,403.2245175262228,,0.4
165592,1307,38.03781,225,True,1327.112407815972,,0.0
165656,1308,-4.859672,63,False,312.01311932011686,,1.0
165708,1309,-0.1143,82,False,476.2279962560476,,0.6000000000000001
166040,1310,2.963363,96,False,570.5345143261102,,0.0
166136,1311,2.966728,107,False,636.2691339696426,,1.2
166212,1312,29.481802,225,True,1208.872095953206,,3.800000000000001
166288,1313,-4.181113,62,False,336.7554786695837,,1.5999999999999999
166492,1314,34.563718,225,True,1224.9487094077626,,5.400000000000002
166604,1315,-0.694283,117,False,619.4286681543028,,6.000000000000003
166800,1316,7.817351,128,False,763.0940212311903,,0.6000000000000001
167032,1317,9.850905,135,False,802.8361979293902,,0.8
167092,1318,-1.291384,73,False,421.144647897504,,0.0
167112,1319,34.998562,225,True,1186.3424699386792,,1.2
167504,1320,39.057617,225,True,1339.1046812772838,,1.5999999999999999
167676,1321,0.674876,161,False,552.5950390902478,,2.8000000000000003
167900,1322,8.768838,197,False,809.953535070935,,1.2
167992,1323,40.158733,225,True,1341.5493061278617,,0.0
168016,1324,7.923572,128,False,759.3428968967592,,0.0
168092,1325,2.729997,104,False,610.7998883233581,,1.9999999999999998
168140,1326,-6.65013,37,False,216.39479191376336,,0.0
168236,1327,0.712003,84,False,493.28010760396023,,1.2
168304,1328,-7.260769,41,False,233.56922388536827,,3.0000000000000004
168420,1329,-7.191591,46,False,235.5363707495835,,2.8000000000000003
168444,1330,-0.178902,88,False,452.0439293114541,,1.0
168636,1331,9.637534,155,False,861.5013748514218,,0.4
168796,1332,7.528928,123,False,700.3571280784129,,0.0
168884,1333,-1.230856,110,False,505.96574496498624,,5.400000000000002
168904,1334,6.775975,121,False,721.4390169593134,,0.2
168956,1335,-0.563214,80,False,474.27145358456664,,2.4
169148,1336,-2.340436,66,False,372.78255984252564,,0.0
169172,1337,-1.553529,67,False,397.85883817231434,,0.4
169696,1338,38.979259,225,True,1331.1703464923394,,2.4
169856,1339,35.66221,225,True,1277.688399196656,,2.6
169904,1340,10.557548,183,False,907.9019016816442,,1.4
169992,1341,-1.174828,74,False,435.4068661078311,,1.2
170048,1342,33.17218,225,True,1180.4871856063696,,7.600000000000004
170340,1343,0.654071,109,False,486.9628348036845,,1.4
170372,1344,9.128529,129,False,767.5411612130995,,0.0
170652,1345,-5.231551,78,False,394.7379754311539,,1.9999999999999998
170892,1346,30.38898,225,True,1065.9591909365445,,1.5999999999999999
170948,1347,21.56916,225,True,781.966412363065,,1.9999999999999998
171272,1348,28.955065,225,True,1152.6025886851535,,7.0000000000000036
171312,1349,13.44333,165,False,980.1332094928248,,0.6000000000000001
171620,1350,-0.736432,87,False,504.9427341709959,,1.4
171792,1351,31.694565,225,True,1095.782612552407,,1.5999999999999999
171848,1352,38.646925,225,True,1335.4769971541473,,0.0
171928,1353,-7.750009,34,False,172.39964358266593,,0.0
171948,1354,6.105064,159,False,705.8025702265886,,1.0
172044,1355,-5.206572,49,False,286.93711932740985,,1.4
172520,1356,38.346678,225,True,1341.0671242853573,,0.6000000000000001
172828,1357,39.219701,225,True,1342.388047484511,,0.2
172848,1358,38.569784,225,True,1333.9913414177427,,1.5999999999999999
172944,1359,27.73285,225,True,966.1140080533967,,1.2
173052,1360,5.906018,133,False,677.0407078728451,,0.0
173308,1361,0.611273,120,False,538.0509060240106,,0.6000000000000001
173604,1362,-4.906482,74,False,360.5407172732023,,4.400000000000001
173748,1363,28.600139,225,True,1142.4055512055838,,6.000000000000003
173844,1364,36.328071,225,True,1319.52285203448,,0.2
173952,1365,38.870933,225,True,1339.6373159892669,,0.0
174196,1366,1.170849,112,False,562.0339427831425,,5.000000000000002
174504,1367,25.523507,225,True,894.5402744734395,,1.4
174744,1368,38.99841,225,True,1291.9363934780536,,1.7999999999999998
174772,1369,9.119525,144,False,791.1810017054415,,1.5999999999999999
174852,1370,39.553713,225,True,1323.7485347027432,,1.5999999999999999
175404,1371,38.715917,225,True,1301.4366717933185,,4.400000000000001
175464,1372,15.745172,173,False,1032.2068747088767,,0.6000000000000001
175580,1373,16.358232,182,False,1082.3292724941148,,2.8000000000000003
175644,1374,33.200641,225,True,1151.2256593169009,,1.5999999999999999
175660,1375,-4.349975,49,False,266.00100335276034,,0.0
176092,1376,13.681088,172,False,964.0435001703618,,2.6
176172,1377,8.903154,132,False,777.7261445973888,,0.0
176196,1378,2.009964,134,False,559.5985485946551,,0.2
176288,1379,-8.124091,29,False,157.43637466375685,,0.0
176392,1380,-4.52065,49,False,287.1739921900321,,0.0
176480,1381,37.959478,225,True,1311.179120335365,,0.8
176516,1382,2.024315,106,False,550.5725923151078,,0.0
176956,1383,4.437071,119,False,659.8828554685547,,0.6000000000000001
176976,1384,-1.898378,115,False,406.46487972784666,,0.0
177140,1385,10.810035,187,False,902.0013849941358,,2.8000000000000003
177188,1386,27.385456,225,True,944.2182237905458,,0.0
177264,1387,-3.474796,72,False,369.8081620130781,,1.7999999999999998
177476,1388,-3.843951,72,False,362.2419617169885,,1.5999999999999999
177748,1389,2.545527,152,False,583.4210668753799,,1.0
177772,1390,10.769093,204,False,1057.1637101449614,,7.400000000000004
178164,1391,32.077876,225,True,1091.915047898648,,0.8
178376,1392,33.828293,225,True,1153.9317284939957,,3.0000000000000004
178528,1393,0.008625,91,False,514.7449979137245,,2.4
178648,1394,23.281146,225,True,799.2458314335515,,0.0
178672,1395,29.035684,225,True,1093.42734695325,,6.000000000000003
178812,1396,-7.762143,35,False,197.51426894920473,,0.6000000000000001
179144,1397,-2.369026,83,False,394.83894911099446,,1.4
179276,1398,36.743883,225,True,1292.955337281609,,0.8
179364,1399,-4.06284,55,False,324.68640211625325,,0.6000000000000001
179428,1400,33.179333,225,True,1187.1733161229417,,1.4
179536,1401,-6.445073,43,False,246.99707665004598,,1.9999999999999998
179548,1402,22.862664,225,True,806.5065522522673,,0.6000000000000001
179584,1403,-1.067972,77,False,433.28111004895936,,1.4
179692,1404,-7.40687,39,False,229.32520885457598,,1.9999999999999998
180088,1405,-1.753791,126,False,485.8483611317765,,1.7999999999999998
180252,1406,6.733925,140,False,729.3569817977414,,0.0
180328,1407,39.794387,225,True,1339.7754649928024,,1.5999999999999999
180448,1408,35.392112,225,True,1249.2844732244125,,0.0
180528,1409,-5.051941,50,False,293.9223405299472,,1.0
180572,1410,-1.503271,121,False,440.66915966548527,,0.8
180996,1411,6.064206,137,False,779.3682541500377,,4.800000000000002
181152,1412,37.433211,225,True,1211.7284429588121,,0.4
181292,1413,-4.002924,74,False,349.4830459130758,,2.1999999999999997
181428,1414,36.121906,225,True,1253.6762339943489,,1.5999999999999999
181472,1415,36.396109,225,True,1223.0443623085534,,2.1999999999999997
182052,1416,36.166101,225,True,1188.2440276544335,,0.0
182116,1417,15.04873,206,False,1031.5491986537404,,0.2
182328,1418,38.869987,225,True,1328.3994924693352,,0.0
182364,1419,-4.62935,78,False,297.2259869368004,,0.0
182372,1420,36.290609,225,True,1239.6243676151366,,2.4
182508,1421,-8.376316,36,False,172.94737110417918,,0.6000000000000001
182636,1422,-7.938822,32,False,179.2471176418362,,0.6000000000000001
182748,1423,-0.594134,94,False,441.03462428076136,,1.5999999999999999
182848,1424,15.961642,183,False,1081.6656684051977,,0.0
183044,1425,2.874069,102,False,600.5627452761291,,2.1999999999999997
183228,1426,26.273914,225,True,936.55656462005,,2.4
183380,1427,-7.44598,38,False,215.76079524218562,,2.6
183648,1428,35.109409,225,True,1243.5763492458304,,0.0
183748,1429,34.773886,225,True,1162.9554400379361,,1.5999999999999999
183944,1430,38.630691,225,True,1341.227659747296,,1.0
184280,1431,37.157068,225,True,1330.2827063004347,,0.0
184336,1432,7.005741,147,False,751.4296577104085,,1.9999999999999998
184548,1433,28.29418,225,True,966.1671911975952,,0.0
184840,1434,8.295542,140,False,815.821678296333,,4.600000000000001
184844,1435,37.808088,225,True,1337.1235131374756,,1.4
184856,1436,0.185989,77,False,453.03955614947495,,0.0
185044,1437,-5.236087,50,False,293.7565178223615,,1.9999999999999998
185236,1438,38.327802,225,True,1340.3120947562738,,2.6
185512,1439,13.474936,168,False,950.9974359642597,,0.6000000000000001
185756,1440,38.790525,225,True,1341.2210114557874,,0.0
185944,1441,24.835753,225,True,887.0301125117189,,1.9999999999999998
186136,1442,35.936828,225,True,1225.4731026606892,,0.0
186280,1443,-2.492779,84,False,449.8888393928437,,4.800000000000002
186332,1444,3.543028,144,False,656.1211204067645,,1.7999999999999998
186356,1445,6.632286,211,False,760.4914260967209,,1.5999999999999999
186460,1446,0.697443,81,False,478.29773851568916,,0.0
186516,1447,-7.786278,40,False,221.34888829252895,,2.1999999999999997
186532,1448,-6.112286,50,False,273.1085614611611,,2.1999999999999997
186892,1449,4.725838,108,False,630.6335038766731,,0.0
187132,1450,18.949149,213,False,1147.5659589833517,,0.6000000000000001
187140,1451,2.7967,156,False,671.0679915204196,,0.6000000000000001
187392,1452,-3.796392,63,False,328.94431919458793,,0.0
187432,1453,36.632635,225,True,1264.5054113693914,,2.8000000000000003
187464,1454,-2.815601,83,False,396.9759720582081,,1.9999999999999998
187792,1455,22.133202,225,True,893.3280803790046,,7.800000000000004
187980,1456,5.139251,129,False,747.1700488809206,,5.200000000000002
188076,1457,6.222193,161,False,768.087700564804,,1.7999999999999998
188132,1458,-3.734097,85,False,383.4361277013686,,1.7999999999999998
188148,1459,10.915497,189,False,941.4198934067538,,3.800000000000001
188360,1460,-4.85988,57,False,320.00479425381286,,2.8000000000000003
188520,1461,8.26496,135,False,771.3984101610592,,4.000000000000001
188976,1462,26.1074,225,True,907.4960171642304,,2.1999999999999997
189048,1463,35.848686,225,True,1265.147434954401,,0.0
189052,1464,12.013318,173,False,938.9327373310903,,1.7999999999999998
189312,1465,-2.076685,65,False,372.13261923673485,,0.8
189420,1466,38.764704,225,True,1341.7881749835492,,0.4
189820,1467,5.302673,127,False,729.7069290509419,,2.6
189876,1468,23.09468,225,True,970.9872150603398,,9.2
189948,1469,39.554744,225,True,1342.9897603069107,,1.4
190320,1470,38.94684,225,True,1325.0736148934207,,0.0
190408,1471,-8.863264,22,False,127.86943887473467,,0.0
190720,1472,37.263154,225,True,1217.7261401886094,,1.2
190776,1473,34.962454,225,True,1260.098150846658,,1.2
190848,1474,34.187478,225,True,1213.0991192339516,,2.6
191016,1475,8.873356,152,False,766.1342516411123,,1.5999999999999999
191124,1476,-4.207173,69,False,357.31308352478914,,2.1999999999999997
191192,1477,3.242211,104,False,596.0884266911619,,2.6
191476,1478,3.86282,115,False,632.112815462312,,1.0
191572,1479,-8.514057,24,False,140.2377047684572,,0.0
191620,1480,38.655359,225,True,1303.8143530352586,,0.6000000000000001
191764,1481,-5.865979,48,False,242.960839783241,,0.6000000000000001
191836,1482,12.192163,178,False,936.4865083104553,,1.5999999999999999
191932,1483,11.783706,185,False,1035.3482385838977,,5.400000000000002
192124,1484,2.952686,90,False,530.1074551848728,,0.0
192168,1485,4.180382,137,False,732.8152649208446,,4.600000000000001
192308,1486,4.89668,118,False,604.6671828910657,,0.6000000000000001
192324,1487,-6.641655,39,False,215.1337811565852,,0.0
192496,1488,-6.63062,47,False,250.77520829681293,,2.1999999999999997
192500,1489,-5.54608,44,False,255.7568195089034,,0.0
192640,1490,3.511531,129,False,672.4612297777498,,3.0000000000000004
192832,1491,28.662725,225,True,969.7089862575663,,0.0
192912,1492,4.546248,104,False,616.2499340625459,,0.0
193124,1493,-3.871758,53,False,313.12969927483755,,0.0
193352,1494,14.91719,178,False,1029.4876126058386,,0.6000000000000001
193400,1495,24.677916,225,True,866.3166318824885,,1.4
193580,1496,-3.241028,57,False,336.7588688021756,,0.0
193680,1497,4.092908,212,False,766.1163078069303,,4.400000000000001
193928,1498,2.624962,132,False,667.3984642090181,,3.800000000000001
194024,1499,39.130845,225,True,1319.633793039974,,0.6000000000000001
194184,1500,-6.233752,40,False,234.64993764171436,,1.4
194332,1501,0.107714,101,False,523.5085559030415,,2.6
194480,1502,26.556715,225,True,911.8686173994304,,0.2
194580,1503,39.601069,225,True,1336.0427410949233,,0.0
194660,1504,1.552963,119,False,586.9185351861383,,3.800000000000001
194920,1505,4.181152,110,False,620.8460882829429,,0.8
195064,1506,8.159301,121,False,702.3720463452407,,0.2
195232,1507,37.139641,225,True,1302.3856514046092,,1.5999999999999999
195560,1508,30.654131,225,True,1060.56523797013,,4.200000000000001
195652,1509,5.249372,147,False,699.5748877456926,,4.200000000000001
195820,1510,36.996145,225,True,1232.6457899430611,,1.0
195852,1511,-4.388037,50,False,295.67852990400274,,0.2
196132,1512,29.189351,225,True,1029.9740410201398,,2.1999999999999997
196216,1513,-1.250826,99,False,505.16694774493135,,4.400000000000001
196460,1514,37.11934,225,True,1272.7735934026969,,0.0
196584,1515,11.798717,183,False,938.3486884391739,,3.800000000000001
197032,1516,35.487115,225,True,1245.8846165441896,,2.8000000000000003
197116,1517,37.055084,225,True,1283.0033797111746,,0.6000000000000001
197188,1518,15.897547,182,False,1083.9018702170142,,3.800000000000001
197192,1519,-5.363157,40,False,235.87370816616522,,0.0
197484,1520,36.981618,225,True,1220.864709031866,,0.2
197584,1521,6.961734,117,False,680.8693563282136,,0.6000000000000001
197788,1522,-2.809674,76,False,370.01304756699574,,0.0
198088,1523,39.764455,225,True,1322.5781972943118,,0.2
198092,1524,38.113544,225,True,1342.9417639622757,,1.5999999999999999
198332,1525,15.508719,187,False,1111.5487554319743,,4.400000000000001
198488,1526,2.374016,99,False,569.3606337879103,,1.0
198496,1527,0.90076,102,False,506.4304167496623,,2.8000000000000003
198688,1528,39.47009,225,True,1336.403619295308,,0.0
198820,1529,-7.28798,33,False,194.08080780171372,,0.2
198924,1530,11.085436,148,False,871.4174457142542,,0.8
199256,1531,15.783412,192,False,1012.9364699054997,,0.8
199360,1532,3.693841,109,False,642.9536317453496,,1.9999999999999998
199396,1533,32.323783,225,True,1088.9513315789045,,2.1999999999999997
199640,1534,-4.133702,70,False,336.25192807673966,,0.6000000000000001
199672,1535,-1.231435,69,False,380.34259487620193,,0.4
199720,1536,38.318433,225,True,1327.1373279692634,,0.6000000000000001
199856,1537,7.244236,150,False,863.3694478397886,,7.0000000000000036
199980,1538,-2.632832,65,False,354.68672977500296,,0.4
