seed,scenario,duration,crashed,completed,time_s,distance_m,speed_kmh,overtakes,lane_changes,danger_seconds,return,quality,actions,steps,policy,inference_stride
31100,light,30,False,True,30.0,543.6000000000085,65.13976036866363,0,0,0.0,16.59000000000021,2.6040000000000094,"[0, 149, 0, 0, 1]",150,baseline_slow,1
31101,light,30,False,True,30.0,543.6000000000085,65.13976036866363,0,0,0.0,16.59000000000021,2.6040000000000094,"[0, 149, 0, 0, 1]",150,baseline_slow,1
31102,light,30,False,True,30.0,543.6000000000085,65.13976036866363,0,0,0.0,16.59000000000021,2.6040000000000094,"[0, 149, 0, 0, 1]",150,baseline_slow,1
31103,light,30,False,True,30.0,543.6000000000085,65.13976036866363,0,0,0.0,16.59000000000021,2.6040000000000094,"[0, 149, 0, 0, 1]",150,baseline_slow,1
31104,light,30,False,True,30.0,543.6000000000085,65.13976036866363,0,0,0.0,16.59000000000021,2.6040000000000094,"[0, 149, 0, 0, 1]",150,baseline_slow,1
31105,light,30,False,True,30.0,543.6000000000085,65.13976036866363,0,0,0.0,16.59000000000021,2.6040000000000094,"[0, 149, 0, 0, 1]",150,baseline_slow,1
31100,normal,45,False,True,45.0,813.6000000000188,65.02650691244243,0,0,0.0,23.340000000000465,2.6026666666666807,"[0, 224, 0, 0, 1]",225,baseline_slow,1
31101,normal,45,False,True,45.0,813.6000000000188,65.02650691244243,0,0,0.0,23.340000000000465,2.6026666666666807,"[0, 224, 0, 0, 1]",225,baseline_slow,1
31102,normal,45,False,True,45.0,813.6000000000188,65.02650691244243,1,0,0.0,23.740000000000464,2.6226666666666807,"[0, 224, 0, 0, 1]",225,baseline_slow,1
31103,normal,45,False,True,45.0,813.6000000000188,65.02650691244243,0,0,0.0,23.340000000000465,2.6026666666666807,"[0, 224, 0, 0, 1]",225,baseline_slow,1
31104,normal,45,False,True,45.0,813.6000000000188,65.02650691244243,0,0,0.0,23.340000000000465,2.6026666666666807,"[0, 224, 0, 0, 1]",225,baseline_slow,1
31105,normal,45,False,True,45.0,813.6000000000188,65.02650691244243,0,0,0.0,23.340000000000465,2.6026666666666807,"[0, 224, 0, 0, 1]",225,baseline_slow,1
31100,dense,45,True,False,26.6,482.20310810662795,65.12039139322965,0,0,4.200000000000001,-2.4649222973342884,0.3385208208197244,"[0, 132, 0, 0, 1]",133,baseline_slow,1
31101,dense,45,False,True,45.0,813.6000000000188,65.02650691244243,3,0,0.0,24.540000000000468,2.6626666666666807,"[0, 224, 0, 0, 1]",225,baseline_slow,1
31102,dense,45,True,False,16.0,291.5449192222193,65.43705069124391,1,0,2.4,-5.7513770194445195,0.22529253275719946,"[0, 79, 0, 0, 1]",80,baseline_slow,1
31103,dense,45,False,True,45.0,813.6000000000188,65.02650691244243,2,0,0.0,24.140000000000466,2.6426666666666807,"[0, 224, 0, 0, 1]",225,baseline_slow,1
31104,dense,45,False,True,45.0,813.6000000000188,65.02650691244243,1,0,0.0,23.740000000000467,2.6226666666666807,"[0, 224, 0, 0, 1]",225,baseline_slow,1
31105,dense,45,False,True,45.0,813.6000000000188,65.02650691244243,0,0,0.0,23.340000000000465,2.6026666666666807,"[0, 224, 0, 0, 1]",225,baseline_slow,1
31100,normal,60,False,True,60.0,1083.6000000000222,64.96988018433186,0,0,0.0,30.090000000000543,2.6020000000000123,"[0, 299, 0, 0, 1]",300,baseline_slow,1
31101,normal,60,False,True,60.0,1083.6000000000222,64.96988018433186,0,0,0.0,30.090000000000543,2.6020000000000123,"[0, 299, 0, 0, 1]",300,baseline_slow,1
31102,normal,60,False,True,60.0,1083.6000000000222,64.96988018433186,2,0,0.0,30.89000000000054,2.6420000000000123,"[0, 299, 0, 0, 1]",300,baseline_slow,1
31103,normal,60,False,True,60.0,1083.6000000000222,64.96988018433186,0,0,0.0,30.090000000000543,2.6020000000000123,"[0, 299, 0, 0, 1]",300,baseline_slow,1
31104,normal,60,False,True,60.0,1083.6000000000222,64.96988018433186,0,0,0.0,30.090000000000543,2.6020000000000123,"[0, 299, 0, 0, 1]",300,baseline_slow,1
31105,normal,60,False,True,60.0,1083.6000000000222,64.96988018433186,0,0,0.0,30.090000000000543,2.6020000000000123,"[0, 299, 0, 0, 1]",300,baseline_slow,1
31100,dense,60,True,False,26.6,482.20310810662795,65.12039139322965,0,0,4.200000000000001,-2.4649222973342884,0.2538906156147933,"[0, 132, 0, 0, 1]",133,baseline_slow,1
31101,dense,60,False,True,60.0,1083.6000000000222,64.96988018433186,3,0,0.0,31.290000000000546,2.6620000000000124,"[0, 299, 0, 0, 1]",300,baseline_slow,1
31102,dense,60,True,False,16.0,291.5449192222193,65.43705069124391,1,0,2.4,-5.7513770194445195,0.17396939956789959,"[0, 79, 0, 0, 1]",80,baseline_slow,1
31103,dense,60,False,True,60.0,1083.6000000000222,64.96988018433186,2,0,0.0,30.890000000000544,2.6420000000000123,"[0, 299, 0, 0, 1]",300,baseline_slow,1
31104,dense,60,False,True,60.0,1083.6000000000222,64.96988018433186,1,0,0.0,30.490000000000546,2.6220000000000123,"[0, 299, 0, 0, 1]",300,baseline_slow,1
31105,dense,60,False,True,60.0,1083.6000000000222,64.96988018433186,0,0,0.0,30.090000000000543,2.6020000000000123,"[0, 299, 0, 0, 1]",300,baseline_slow,1
31100,light,30,True,False,25.4,609.2926018034318,86.3123149606299,0,0,3.0000000000000004,1.432315045085815,0.6569917797815908,"[0, 127, 0, 0, 0]",127,baseline_cruise,1
31101,light,30,True,False,21.6,518.3965133699912,86.39999999999999,0,0,3.600000000000001,-1.2000871657502152,0.5519961259666569,"[0, 108, 0, 0, 0]",108,baseline_cruise,1
31102,light,30,False,True,30.0,719.9999999999607,86.39999999999998,2,0,0.0,21.799999999999063,2.8399999999999563,"[0, 150, 0, 0, 0]",150,baseline_cruise,1
31103,light,30,False,True,30.0,719.9999999999607,86.39999999999998,2,0,0.0,21.79999999999907,2.8399999999999563,"[0, 150, 0, 0, 0]",150,baseline_cruise,1
31104,light,30,False,True,30.0,719.9999999999607,86.39999999999998,0,0,0.0,20.999999999999066,2.7999999999999563,"[0, 150, 0, 0, 0]",150,baseline_cruise,1
31105,light,30,False,True,30.0,719.9999999999607,86.39999999999998,1,0,0.0,21.39999999999907,2.8199999999999563,"[0, 150, 0, 0, 0]",150,baseline_cruise,1
31100,normal,45,True,False,35.4,849.3526398215649,86.36745762711863,2,0,2.1999999999999997,8.713815995539179,0.6593723257937518,"[0, 177, 0, 0, 0]",177,baseline_cruise,1
31101,normal,45,False,True,45.0,1079.9999999999404,86.4,4,0,0.0,31.599999999998605,2.879999999999956,"[0, 225, 0, 0, 0]",225,baseline_cruise,1
31102,normal,45,False,True,45.0,1079.9999999999404,86.4,5,0,1.9999999999999998,30.799999999998608,2.891111111111067,"[0, 225, 0, 0, 0]",225,baseline_cruise,1
31103,normal,45,False,True,45.0,1079.9999999999404,86.4,5,0,0.0,31.999999999998604,2.899999999999956,"[0, 225, 0, 0, 0]",225,baseline_cruise,1
31104,normal,45,True,False,14.8,354.7866866033946,86.32216216216216,0,0,2.1999999999999997,-4.4503328349151445,0.2530271752617738,"[0, 74, 0, 0, 0]",74,baseline_cruise,1
31105,normal,45,True,False,24.0,575.8671943277793,86.40000000000002,1,0,1.9999999999999998,1.596679858194502,0.4376794032057625,"[0, 120, 0, 0, 0]",120,baseline_cruise,1
31100,dense,45,True,False,5.4,129.33311995132772,86.18666666666668,0,0,2.1999999999999997,-10.086672001216808,0.0860245332972798,"[0, 27, 0, 0, 0]",27,baseline_cruise,1
31101,dense,45,True,False,9.8,234.6217272157155,86.28244897959183,0,0,2.1999999999999997,-7.454456819607118,0.16401609423386335,"[0, 49, 0, 0, 0]",49,baseline_cruise,1
31102,dense,45,True,False,5.4,129.0411599875365,86.18666666666668,0,0,2.1999999999999997,-10.093971000311587,0.08580826665743445,"[0, 27, 0, 0, 0]",27,baseline_cruise,1
31103,dense,45,True,False,14.6,349.79956478571376,86.24745205479451,2,0,2.1999999999999997,-3.7750108803571667,0.28933301095238056,"[0, 73, 0, 0, 0]",73,baseline_cruise,1
31104,dense,45,True,False,17.4,417.39274422119706,86.39999999999996,2,0,1.9999999999999998,-1.9651813944700738,0.34029092164533115,"[0, 87, 0, 0, 0]",87,baseline_cruise,1
31105,dense,45,True,False,17.6,421.8275676953822,86.27345454545453,2,0,2.1999999999999997,-1.974310807615451,0.34268708718176455,"[0, 88, 0, 0, 0]",88,baseline_cruise,1
31100,normal,60,True,False,35.4,849.3526398215649,86.36745762711863,2,0,2.1999999999999997,8.713815995539179,0.5045292443453139,"[0, 177, 0, 0, 0]",177,baseline_cruise,1
31101,normal,60,False,True,60.0,1439.99999999992,86.39999999999999,5,0,0.0,40.99999999999799,2.8999999999999555,"[0, 300, 0, 0, 0]",300,baseline_cruise,1
31102,normal,60,False,True,60.0,1439.99999999992,86.39999999999999,5,0,1.9999999999999998,39.79999999999801,2.8933333333332887,"[0, 300, 0, 0, 0]",300,baseline_cruise,1
31103,normal,60,False,True,60.0,1439.99999999992,86.39999999999999,6,0,0.0,41.39999999999797,2.9199999999999555,"[0, 300, 0, 0, 0]",300,baseline_cruise,1
31104,normal,60,True,False,14.8,354.7866866033946,86.32216216216216,0,0,2.1999999999999997,-4.4503328349151445,0.18977038144633035,"[0, 74, 0, 0, 0]",74,baseline_cruise,1
31105,normal,60,True,False,24.0,575.8671943277793,86.40000000000002,1,0,1.9999999999999998,1.596679858194502,0.33325955240432187,"[0, 120, 0, 0, 0]",120,baseline_cruise,1
31100,dense,60,True,False,5.4,129.33311995132772,86.18666666666668,0,0,2.1999999999999997,-10.086672001216808,0.06451839997295984,"[0, 27, 0, 0, 0]",27,baseline_cruise,1
31101,dense,60,True,False,9.8,234.6217272157155,86.28244897959183,0,0,2.1999999999999997,-7.454456819607118,0.12301207067539752,"[0, 49, 0, 0, 0]",49,baseline_cruise,1
31102,dense,60,True,False,5.4,129.0411599875365,86.18666666666668,0,0,2.1999999999999997,-10.093971000311587,0.06435619999307583,"[0, 27, 0, 0, 0]",27,baseline_cruise,1
31103,dense,60,True,False,14.6,349.79956478571376,86.24745205479451,2,0,2.1999999999999997,-3.7750108803571667,0.22699975821428542,"[0, 73, 0, 0, 0]",73,baseline_cruise,1
31104,dense,60,True,False,17.4,417.39274422119706,86.39999999999996,2,0,1.9999999999999998,-1.9651813944700738,0.26521819123399837,"[0, 87, 0, 0, 0]",87,baseline_cruise,1
31105,dense,60,True,False,17.6,421.8275676953822,86.27345454545453,2,0,2.1999999999999997,-1.974310807615451,0.2670153153863234,"[0, 88, 0, 0, 0]",88,baseline_cruise,1
31100,light,30,False,True,30.0,824.3887590277261,99.04035379617446,2,1,0.0,24.389718975693167,2.955987510030807,"[1, 144, 0, 3, 2]",150,baseline_rule,1
31101,light,30,False,True,30.0,708.9386299375351,85.11351736085292,1,1,0.0,21.10346574843837,2.8077095888194834,"[0, 136, 1, 7, 6]",150,baseline_rule,1
31102,light,30,False,True,30.0,803.776263695527,96.57224774747019,4,1,0.0,24.674406592388177,2.9730847374394744,"[0, 140, 1, 5, 4]",150,baseline_rule,1
31103,light,30,False,True,30.0,758.5461460504416,91.0167179687377,2,2,0.0,22.723653651261035,2.8828290511671573,"[1, 139, 1, 4, 5]",150,baseline_rule,1
31104,light,30,False,True,30.0,733.5582879202154,88.0132876973423,1,1,0.0,21.718957198005388,2.835064764355795,"[0, 138, 1, 5, 6]",150,baseline_rule,1
31105,light,30,False,True,30.0,725.8269355272848,87.069483008747,3,1,0.0,22.32567338818213,2.8664743728080944,"[0, 137, 1, 6, 6]",150,baseline_rule,1
31100,normal,45,False,True,45.0,920.0303161598401,73.5705069124424,0,1,0.0,25.980757903996,2.681503937896178,"[0, 211, 1, 6, 7]",225,baseline_rule,1
31101,normal,45,False,True,45.0,1258.5231819397063,100.76549308775714,8,1,0.0,37.643079548492665,3.0922393940294124,"[0, 219, 1, 3, 2]",225,baseline_rule,1
31102,normal,45,False,True,45.0,941.6629877118446,75.51749343684409,5,5,0.0,28.441574692796102,2.7975281390458107,"[3, 185, 2, 19, 16]",225,baseline_rule,1
31103,normal,45,False,True,45.0,1149.7874772995197,92.0969169560177,5,3,0.0,33.68468693248798,2.951694427629274,"[2, 210, 1, 6, 6]",225,baseline_rule,1
31104,normal,45,False,True,45.0,1225.663398186784,98.11198924114382,8,3,0.0,36.781584954669626,3.0678988134716922,"[1, 209, 2, 5, 8]",225,baseline_rule,1
31105,normal,45,False,True,45.0,904.8543233174703,72.38741794636493,3,0,0.0,26.82135808293674,2.7302624617166447,"[0, 201, 0, 15, 9]",225,baseline_rule,1
31100,dense,45,False,True,45.0,1077.5892847086316,86.1384932809811,7,2,0.0,32.6997321177158,2.938214284969357,"[1, 202, 1, 9, 12]",225,baseline_rule,1
31101,dense,45,False,True,45.0,1010.5838903640447,80.98949308755911,5,3,0.0,30.204597259101124,2.848580659528922,"[2, 197, 1, 15, 10]",225,baseline_rule,1
31102,dense,45,False,True,45.0,792.8731159114388,63.3504242929727,3,1,0.0,24.00182789778599,2.6473134191936585,"[0, 192, 1, 20, 12]",225,baseline_rule,1
31103,dense,45,False,True,45.0,825.4797578339465,65.95353636365112,2,1,0.0,24.416993945848656,2.651466487284405,"[0, 195, 1, 15, 14]",225,baseline_rule,1
31104,dense,45,False,True,45.0,909.1297517260757,72.67793078075516,3,1,0.0,26.908243793151904,2.733429445723019,"[0, 209, 1, 6, 9]",225,baseline_rule,1
31105,dense,45,False,True,45.0,881.3591565494328,70.49850691244242,0,2,0.0,24.99397891373582,2.652858634481061,"[1, 214, 1, 4, 5]",225,baseline_rule,1
31100,normal,60,False,True,60.0,1177.4132332571867,70.58264088053818,0,1,0.0,32.41533083142967,2.654118462920659,"[0, 279, 1, 10, 10]",300,baseline_rule,1
31101,normal,60,False,True,60.0,1708.5231819365354,102.5741198156682,8,1,0.0,48.89307954841331,3.1091795455202975,"[0, 294, 1, 3, 2]",300,baseline_rule,1
31102,normal,60,False,True,60.0,1391.4392296329665,83.6381198156682,8,6,0.0,40.8659807408241,2.933021794240537,"[3, 259, 3, 19, 16]",300,baseline_rule,1
31103,normal,60,False,True,60.0,1443.7653586419583,86.74466764298562,5,4,0.0,41.01413396604892,2.9020918659121993,"[2, 279, 2, 9, 8]",300,baseline_rule,1
31104,normal,60,False,True,60.0,1604.8632225239544,96.33598364151517,11,3,0.0,47.46158056309889,3.111590679179975,"[1, 280, 2, 7, 10]",300,baseline_rule,1
31105,normal,60,False,True,60.0,1287.323697307942,77.30219127784517,6,1,0.0,37.56309243269854,2.8351798318377455,"[0, 274, 1, 16, 9]",300,baseline_rule,1
31100,dense,60,False,True,60.0,1307.1406326520655,78.37244969779012,7,2,0.0,38.43851581630165,2.866189240362259,"[1, 264, 1, 17, 17]",300,baseline_rule,1
31101,dense,60,False,True,60.0,1460.5838903640224,87.74211981566819,9,3,0.0,43.054597259100476,2.9914354946466792,"[2, 272, 1, 15, 10]",300,baseline_rule,1
31102,dense,60,False,True,60.0,1148.9854863726437,69.02211990557998,5,2,0.0,33.68463715931611,2.7383252702070244,"[1, 257, 1, 28, 13]",300,baseline_rule,1
31103,dense,60,False,True,60.0,1061.200070863535,63.61707856501015,2,1,0.0,30.31000177158836,2.6295555949241862,"[0, 250, 1, 26, 23]",300,baseline_rule,1
31104,dense,60,False,True,60.0,1161.8972461153148,69.69541187610017,3,1,0.0,33.22743115288288,2.705498470064064,"[0, 271, 1, 16, 12]",300,baseline_rule,1
31105,dense,60,False,True,60.0,1158.559156546637,69.5058801841998,0,2,0.0,31.92397891366593,2.6436439758592427,"[1, 287, 1, 5, 6]",300,baseline_rule,1
